-- phpMyAdmin SQL Dump
-- version 4.9.0.1
-- https://www.phpmyadmin.net/
--
-- Host: 127.0.0.1
-- Generation Time: Sep 23, 2022 at 04:08 PM
-- Server version: 10.4.6-MariaDB
-- PHP Version: 7.2.22

SET SQL_MODE = "NO_AUTO_VALUE_ON_ZERO";
SET AUTOCOMMIT = 0;
START TRANSACTION;
SET time_zone = "+00:00";


/*!40101 SET @OLD_CHARACTER_SET_CLIENT=@@CHARACTER_SET_CLIENT */;
/*!40101 SET @OLD_CHARACTER_SET_RESULTS=@@CHARACTER_SET_RESULTS */;
/*!40101 SET @OLD_COLLATION_CONNECTION=@@COLLATION_CONNECTION */;
/*!40101 SET NAMES utf8mb4 */;

--
-- Database: `vote`
--

-- --------------------------------------------------------

--
-- Table structure for table `admin`
--

CREATE TABLE `admin` (
  `id` varchar(222) NOT NULL,
  `user` varchar(222) NOT NULL,
  `pass` varchar(222) NOT NULL,
  `image` varchar(22) NOT NULL,
  `school` varchar(222) NOT NULL,
  `comm` varchar(222) NOT NULL,
  `date` timestamp NOT NULL DEFAULT current_timestamp() ON UPDATE current_timestamp()
) ENGINE=InnoDB DEFAULT CHARSET=latin1;

--
-- Dumping data for table `admin`
--

INSERT INTO `admin` (`id`, `user`, `pass`, `image`, `school`, `comm`, `date`) VALUES
('mengo', 'admin@admin', '$2y$10$TDA2.V/pFNE9NENTbezBveNxhjiUlnqBf.bVbkkTB7iwZgSaldGuK', '', 'beris high school', '', '2022-09-22 15:29:16');

-- --------------------------------------------------------

--
-- Table structure for table `candidates`
--

CREATE TABLE `candidates` (
  `voter_id` varchar(20) NOT NULL,
  `cand_id` varchar(20) NOT NULL,
  `firstname` varchar(20) NOT NULL,
  `lastname` varchar(20) NOT NULL,
  `comment` varchar(20) NOT NULL,
  `position` varchar(50) NOT NULL,
  `rank` varchar(222) NOT NULL,
  `image` varchar(20) NOT NULL,
  `result` varchar(20) NOT NULL
) ENGINE=InnoDB DEFAULT CHARSET=latin1;

--
-- Dumping data for table `candidates`
--

INSERT INTO `candidates` (`voter_id`, `cand_id`, `firstname`, `lastname`, `comment`, `position`, `rank`, `image`, `result`) VALUES
('FIFTY', 'fifty', 'fifty', 'fifty', 'fifty', 'armitage house prefect', '1', '', '24'),
('FIFTYEIGHT', 'fiftyeight', 'fiftyeight', 'fiftyeight', 'fiftyeight', 'chapel prefect', '1', '', '24'),
('FIFTYFIVE', 'fiftyfive', 'fiftyfive', 'fiftyfive', 'fiftyfive', 'protocol prefect', '1', '', '29'),
('FIFTYFOUR', 'fiftyfour', 'fiftyfour', 'fiftyfour', 'fiftyfour', 'education minister', '1', '', '10'),
('FIFTYNINE', 'fiftynine', 'fiftynine', 'fiftynine', 'fiftynine', 'time keeper', '1', '', '15'),
('FIFTYONE', 'fiftyone', 'fiftyone', 'fiftyone', 'fiftyone', 'armitage house prefect', '1', '', '46'),
('FIFTYSEVEN', 'fiftyseven', 'fiftyseven', 'fiftyseven', 'fiftyseven', 'chapel prefect', '1', '', '37'),
('FIFTYSIX', 'fiftysix', 'fiftysix', 'fiftysix', 'fiftysix', 'protocol prefect', '1', '', '32'),
('FIFTYTHREE', 'fiftythree', 'fiftythree', 'fiftythree', 'fiftythree', 'education minister', '1', '', '34'),
('FIFTYTWO', 'fiftytwo', 'fiftytwo', 'fiftytwo', 'fiftytwo', 'armitage house prefect', '1', '', '12'),
('FORTY', 'forty', 'forty', 'forty', 'forty', 'head prefect', '1', 'pexels-jot-singh-217', '22'),
('FORTYEIGHT', 'fortyeight', 'fortyeight', 'fortyeight', 'fortyeight', 'george house prefect', '1', '', '21'),
('FORTYFIVE', 'fortyfive', 'fortyfive', 'fortyfive', 'fortyfive', 'nsubuga house prefect', '1', 'Screenshot (1).png', '24'),
('FORTYFOUR', 'fortyfour', 'fortyfour', 'fortyfour', 'fortyfour', 'nsubuga house prefect', '1', '', '35'),
('FORTYNINE', 'fortynine', 'fortynine', 'fortynine', 'fortynine', 'george house prefect', '1', '', '29'),
('FORTYONE', 'fortyone', 'fortyone', 'fortyone', 'fortyone', 'head prefect', '1', 'pexels-emre-can-acer', '44'),
('FORTYSEVEN', 'fortyseven', 'fortyseven', 'fortyseven', 'fortyseven', 'george house prefect', '1', '', '20'),
('FORTYSIX', 'fortysix', 'fortysix', 'fortysix', 'fortysix', 'george house prefect', '1', '', '12'),
('FORTYTHREE', 'fortythree', 'fortythree', 'fortythree', 'fortythree', 'head prefect', '1', 'pexels-vlada-karpovi', '8'),
('FORTYTWO', 'fortytwo', 'fortytwo', 'fortytwo', 'fortytwo', 'head prefect', '1', '', '9'),
('ONEHUNDREDFIFTY', 'onehundredfifty', 'onehundredfifty', 'onehundredfifty', 'onehundredfifty', 'sempa house prefect', '1', '', '18'),
('ONEHUNDREDFORTY', 'onehundredforty', 'onehundredforty', 'onehundredforty', 'onehundredforty', 'education minister', '1', '', '31'),
('ONEHUNDREDFORTYEIGHT', 'onehundredfortyeight', 'onehundredfortyeight', 'onehundredfortyeight', 'onehundredfortyeight', 'entertainment minister', '1', '', '20'),
('ONEHUNDREDFORTYFIVE', 'onehundredfortyfive', 'onehundredfortyfive', 'onehundredfortyfive', 'onehundredfortyfive', 'chapel prefect', '1', '', '8'),
('ONEHUNDREDFORTYFOUR', 'onehundredfortyfour', 'onehundredfortyfour', 'onehundredfortyfour', 'onehundredfortyfour', 'time keeper', '1', '', '27'),
('ONEHUNDREDFORTYNINE', 'onehundredfortynine', 'onehundredfortynine', 'onehundredfortynine', 'onehundredfortynine', 'sempa house prefect', '1', '', '43'),
('ONEHUNDREDFORTYONE', 'onehundredfortyone', 'onehundredfortyone', 'onehundredfortyone', 'onehundredfortyone', 'protocol prefect', '1', '', '23'),
('ONEHUNDREDFORTYSEVEN', 'onehundredfortyseven', 'onehundredfortyseven', 'onehundredfortyseven', 'onehundredfortyseven', 'entertainment minister', '1', '', '37'),
('ONEHUNDREDFORTYSIX', 'onehundredfortysix', 'onehundredfortysix', 'onehundredfortysix', 'onehundredfortysix', 'chapel prefect', '1', '', '15'),
('ONEHUNDREDFORTYTHREE', 'onehundredfortythree', 'onehundredfortythree', 'onehundredfortythree', 'onehundredfortythree', 'time keeper', '1', '', '22'),
('ONEHUNDREDFORTYTWO', 'onehundredfortytwo', 'onehundredfortytwo', 'onehundredfortytwo', 'onehundredfortytwo', 'time keeper', '1', '', '19'),
('SIXTY', 'sixty', 'sixty', 'sixty', 'sixty', 'clubs prefect', '1', '', '17'),
('SIXTYEIGHT', 'sixtyeight', 'sixtyeight', 'sixtyeight', 'sixtyeight', 'sempa house prefect', '1', '', '23'),
('SIXTYFIVE', 'sixtyfive', 'sixtyfive', 'sixtyfive', 'sixtyfive', 'mess minister', '1', '', '17'),
('SIXTYFOUR', 'sixtyfour', 'sixtyfour', 'sixtyfour', 'sixtyfour', 'mess minister', '1', '', '38'),
('SIXTYNINE', 'sixtynine', 'sixtynine', 'sixtynine', 'sixtynine', 'nsubuga house prefect', '1', '', '22'),
('SIXTYONE', 'sixtyone', 'sixtyone', 'sixtyone', 'sixtyone', 'clubs prefect', '1', '', '47'),
('SIXTYSEVEN', 'sixtyseven', 'sixtyseven', 'sixtyseven', 'sixtyseven', 'entertainment minister', '1', '', '12'),
('SIXTYSIX', 'sixtysix', 'sixtysix', 'sixtysix', 'sixtysix', 'entertainment minister', '1', '', '15'),
('SIXTYTHREE', 'sixtythree', 'sixtythree', 'sixtythree', 'sixtythree', 'mess minister', '1', '', '24'),
('SIXTYTWO', 'sixtytwo', 'sixtytwo', 'sixtytwo', 'sixtytwo', 'clubs prefect', '1', '', '17');

-- --------------------------------------------------------

--
-- Table structure for table `counts`
--

CREATE TABLE `counts` (
  `id` int(222) NOT NULL,
  `voter_id` varchar(333) NOT NULL,
  `cand_id` varchar(333) NOT NULL,
  `position` varchar(333) NOT NULL,
  `rank` varchar(222) NOT NULL
) ENGINE=InnoDB DEFAULT CHARSET=latin1;

--
-- Dumping data for table `counts`
--

INSERT INTO `counts` (`id`, `voter_id`, `cand_id`, `position`, `rank`) VALUES
(14, 'SEVENTEEN', 'fortyone', 'head_prefect', ''),
(15, 'SEVENTEEN', 'fortyfour', 'nsubuga_house_prefect', ''),
(16, 'SEVENTEEN', 'fortysix', 'george_house_prefect', ''),
(17, 'SEVENTEEN', 'fiftyone', 'armitage_house_prefect', ''),
(18, 'SEVENTEEN', 'fiftythree', 'education_minister', ''),
(19, 'SEVENTEEN', 'onehundredfortyone', 'protocol_prefect', ''),
(20, 'SEVENTEEN', 'onehundredfortyfour', 'time_keeper', ''),
(21, 'SEVENTEEN', 'fiftyseven', 'chapel_prefect', ''),
(22, 'SEVENTEEN', 'sixty', 'clubs_prefect', ''),
(23, 'SEVENTEEN', 'sixtythree', 'mess_minister', ''),
(24, 'SEVENTEEN', 'onehundredfortyseven', 'entertainment_minister', ''),
(25, 'SEVENTEEN', 'onehundredfortynine', 'sempa_house_prefect', ''),
(26, 'SEVENTEEN', '', 'submited', ''),
(27, 'THIRTEEN', 'forty', 'head_prefect', ''),
(28, 'THIRTEEN', 'fortyfour', 'nsubuga_house_prefect', ''),
(29, 'THIRTEEN', 'fortyseven', 'george_house_prefect', ''),
(30, 'THIRTEEN', 'fifty', 'armitage_house_prefect', ''),
(31, 'THIRTEEN', 'fiftythree', 'education_minister', ''),
(32, 'THIRTEEN', 'onehundredfortyone', 'protocol_prefect', ''),
(33, 'THIRTEEN', 'onehundredfortythree', 'time_keeper', ''),
(34, 'THIRTEEN', 'fiftyeight', 'chapel_prefect', ''),
(35, 'THIRTEEN', 'sixtyone', 'clubs_prefect', ''),
(36, 'THIRTEEN', 'sixtythree', 'mess_minister', ''),
(37, 'THIRTEEN', 'onehundredfortyeight', 'entertainment_minister', ''),
(38, 'THIRTEEN', 'onehundredfortynine', 'sempa_house_prefect', ''),
(39, 'THIRTEEN', '', 'submited', ''),
(40, 'ONE', 'forty', 'head_prefect', ''),
(41, 'ONE', 'fortyfour', 'nsubuga_house_prefect', ''),
(42, 'ONE', 'fortyseven', 'george_house_prefect', ''),
(43, 'ONE', 'fifty', 'armitage_house_prefect', ''),
(44, 'ONE', 'fiftythree', 'education_minister', ''),
(45, 'ONE', 'onehundredfortyone', 'protocol_prefect', ''),
(46, 'ONE', 'fiftynine', 'time_keeper', ''),
(47, 'ONE', 'fiftyseven', 'chapel_prefect', ''),
(48, 'ONE', 'sixty', 'clubs_prefect', ''),
(49, 'ONE', 'onehundredfortyseven', 'entertainment_minister', ''),
(50, 'ONE', 'sixtyeight', 'sempa_house_prefect', ''),
(51, 'ONE', '', 'submited', ''),
(52, 'TEN', 'fortyone', 'head_prefect', ''),
(53, 'TEN', 'fortyfive', 'nsubuga_house_prefect', ''),
(54, 'TEN', 'fortyseven', 'george_house_prefect', ''),
(55, 'TEN', 'fiftyone', 'armitage_house_prefect', ''),
(56, 'TEN', 'fiftythree', 'education_minister', ''),
(57, 'TEN', 'fiftysix', 'protocol_prefect', ''),
(58, 'TEN', 'onehundredfortyfour', 'time_keeper', ''),
(59, 'TEN', 'fiftyseven', 'chapel_prefect', ''),
(60, 'TEN', 'sixty', 'clubs_prefect', ''),
(61, 'TEN', 'sixtyfour', 'mess_minister', ''),
(62, 'TEN', 'sixtysix', 'entertainment_minister', ''),
(63, 'TEN', 'onehundredfortynine', 'sempa_house_prefect', ''),
(64, 'TEN', '', 'submited', ''),
(65, 'FOUR', 'fortyone', 'head_prefect', ''),
(66, 'FOUR', 'fortyfive', 'nsubuga_house_prefect', ''),
(67, 'FOUR', 'fortyseven', 'george_house_prefect', ''),
(68, 'FOUR', 'fiftyone', 'armitage_house_prefect', ''),
(69, 'FOUR', 'onehundredfortyone', 'protocol_prefect', ''),
(70, 'FOUR', 'onehundredfortytwo', 'time_keeper', ''),
(71, 'FOUR', 'fiftyseven', 'chapel_prefect', ''),
(72, 'FOUR', 'sixtyone', 'clubs_prefect', ''),
(73, 'FOUR', 'sixtyfour', 'mess_minister', ''),
(74, 'FOUR', 'sixtysix', 'entertainment_minister', ''),
(75, 'FOUR', 'onehundredfifty', 'sempa_house_prefect', ''),
(76, 'FOUR', '', 'submited', ''),
(77, 'EIGHTEEN', 'fortyone', 'head_prefect', ''),
(78, 'EIGHTEEN', 'sixtynine', 'nsubuga_house_prefect', ''),
(79, 'EIGHTEEN', 'fortyeight', 'george_house_prefect', ''),
(80, 'EIGHTEEN', 'fiftyone', 'armitage_house_prefect', ''),
(81, 'EIGHTEEN', 'fiftyfive', 'protocol_prefect', ''),
(82, 'EIGHTEEN', 'onehundredfortythree', 'time_keeper', ''),
(83, 'EIGHTEEN', 'fiftyseven', 'chapel_prefect', ''),
(84, 'EIGHTEEN', 'sixtyone', 'clubs_prefect', ''),
(85, 'EIGHTEEN', 'onehundredfortyeight', 'entertainment_minister', ''),
(86, 'EIGHTEEN', 'sixtyeight', 'sempa_house_prefect', ''),
(87, 'EIGHTEEN', '', 'submited', ''),
(88, 'EIGHT', 'fortyone', 'head_prefect', ''),
(89, 'EIGHT', 'fortyfive', 'nsubuga_house_prefect', ''),
(90, 'EIGHT', 'fortysix', 'george_house_prefect', ''),
(91, 'EIGHT', 'fiftyone', 'armitage_house_prefect', ''),
(92, 'EIGHT', 'onehundredforty', 'education_minister', ''),
(93, 'EIGHT', 'fiftysix', 'protocol_prefect', ''),
(94, 'EIGHT', 'onehundredfortytwo', 'time_keeper', ''),
(95, 'EIGHT', 'fiftyseven', 'chapel_prefect', ''),
(96, 'EIGHT', 'sixtyone', 'clubs_prefect', ''),
(97, 'EIGHT', 'sixtyfive', 'mess_minister', ''),
(98, 'EIGHT', 'sixtysix', 'entertainment_minister', ''),
(99, 'THREE', 'fortyone', 'head_prefect', ''),
(100, 'EIGHT', 'onehundredfortynine', 'sempa_house_prefect', ''),
(101, 'EIGHT', '', 'submited', ''),
(102, 'THREE', 'sixtynine', 'nsubuga_house_prefect', ''),
(103, 'THREE', 'fortynine', 'george_house_prefect', ''),
(104, 'THREE', 'fifty', 'armitage_house_prefect', ''),
(105, 'THREE', 'fiftythree', 'education_minister', ''),
(106, 'THREE', 'onehundredfortyone', 'protocol_prefect', ''),
(107, 'THREE', 'onehundredfortytwo', 'time_keeper', ''),
(108, 'THREE', 'onehundredfortysix', 'chapel_prefect', ''),
(109, 'THREE', 'sixtyone', 'clubs_prefect', ''),
(110, 'THREE', 'sixtyfour', 'mess_minister', ''),
(111, 'THREE', 'sixtyseven', 'entertainment_minister', ''),
(112, 'THREE', 'onehundredfortynine', 'sempa_house_prefect', ''),
(113, 'THREE', '', 'submited', ''),
(114, 'ELEVEN', 'fortyone', 'head_prefect', ''),
(115, 'ELEVEN', 'sixtynine', 'nsubuga_house_prefect', ''),
(116, 'ELEVEN', 'fortyeight', 'george_house_prefect', ''),
(117, 'ELEVEN', 'fiftyone', 'armitage_house_prefect', ''),
(118, 'ELEVEN', 'onehundredfortyone', 'protocol_prefect', ''),
(119, 'ELEVEN', 'onehundredfortyfour', 'time_keeper', ''),
(120, 'ELEVEN', 'fiftyseven', 'chapel_prefect', ''),
(121, 'ELEVEN', 'sixtytwo', 'clubs_prefect', ''),
(122, 'ELEVEN', 'sixtyfour', 'mess_minister', ''),
(123, 'ELEVEN', 'sixtysix', 'entertainment_minister', ''),
(124, 'ELEVEN', 'onehundredfortynine', 'sempa_house_prefect', ''),
(125, 'ELEVEN', '', 'submited', ''),
(126, 'TWO', 'forty', 'head_prefect', ''),
(127, 'TWO', 'fortyfive', 'nsubuga_house_prefect', ''),
(128, 'TWO', 'fortyeight', 'george_house_prefect', ''),
(129, 'TWO', 'fifty', 'armitage_house_prefect', ''),
(130, 'TWO', 'fiftyfour', 'education_minister', ''),
(131, 'TWO', 'fiftyfive', 'protocol_prefect', ''),
(132, 'TWO', 'onehundredfortytwo', 'time_keeper', ''),
(133, 'TWO', 'fiftyeight', 'chapel_prefect', ''),
(134, 'TWO', 'sixty', 'clubs_prefect', ''),
(135, 'TWO', 'sixtyfive', 'mess_minister', ''),
(136, 'TWO', 'onehundredfortyeight', 'entertainment_minister', ''),
(137, 'TWO', 'onehundredfortynine', 'sempa_house_prefect', ''),
(138, 'TWO', '', 'submited', ''),
(139, 'TWENTYTWO', 'fortyone', 'head_prefect', ''),
(140, 'TWENTYTWO', 'fortyfour', 'nsubuga_house_prefect', ''),
(141, 'TWENTYTWO', 'fortyeight', 'george_house_prefect', ''),
(142, 'TWENTYTWO', 'fifty', 'armitage_house_prefect', ''),
(143, 'TWENTYTWO', 'onehundredforty', 'education_minister', ''),
(144, 'TWENTYTWO', 'fiftyfive', 'protocol_prefect', ''),
(145, 'TWENTYTWO', 'onehundredfortyfour', 'time_keeper', ''),
(146, 'TWENTYTWO', 'fiftyeight', 'chapel_prefect', ''),
(147, 'TWENTYTWO', 'sixtyone', 'clubs_prefect', ''),
(148, 'TWENTYTWO', 'sixtyfive', 'mess_minister', ''),
(149, 'TWENTYTWO', 'onehundredfortyeight', 'entertainment_minister', ''),
(150, 'TWENTYTWO', 'onehundredfifty', 'sempa_house_prefect', ''),
(151, 'TWENTYTWO', '', 'submited', ''),
(152, 'SEVEN', 'forty', 'head_prefect', ''),
(153, 'SEVEN', 'fortyfour', 'nsubuga_house_prefect', ''),
(154, 'SEVEN', 'fortyseven', 'george_house_prefect', ''),
(155, 'SEVEN', 'fiftyone', 'armitage_house_prefect', ''),
(156, 'SEVEN', 'fiftythree', 'education_minister', ''),
(157, 'SEVEN', 'onehundredfortyone', 'protocol_prefect', ''),
(158, 'SEVEN', 'onehundredfortyfour', 'time_keeper', ''),
(159, 'SEVEN', 'fiftyseven', 'chapel_prefect', ''),
(160, 'SEVEN', 'sixtyone', 'clubs_prefect', ''),
(161, 'SEVEN', 'sixtythree', 'mess_minister', ''),
(162, 'SEVEN', 'onehundredfortyseven', 'entertainment_minister', ''),
(163, 'SEVEN', 'onehundredfifty', 'sempa_house_prefect', ''),
(164, 'SEVEN', '', 'submited', ''),
(165, 'TWENTYONE', 'fortytwo', 'head_prefect', ''),
(166, 'TWENTYONE', 'sixtynine', 'nsubuga_house_prefect', ''),
(167, 'TWENTYONE', 'fortyseven', 'george_house_prefect', ''),
(168, 'TWENTYONE', 'fifty', 'armitage_house_prefect', ''),
(169, 'TWENTYONE', 'onehundredforty', 'education_minister', ''),
(170, 'TWENTYONE', 'onehundredfortyone', 'protocol_prefect', ''),
(171, 'TWENTYONE', 'onehundredfortyfour', 'time_keeper', ''),
(172, 'TWENTYONE', 'fiftyseven', 'chapel_prefect', ''),
(173, 'TWENTYONE', 'sixtyone', 'clubs_prefect', ''),
(174, 'TWENTYONE', 'sixtyfour', 'mess_minister', ''),
(175, 'TWENTYONE', 'onehundredfortyseven', 'entertainment_minister', ''),
(176, 'TWENTYONE', 'onehundredfortynine', 'sempa_house_prefect', ''),
(177, 'TWENTYONE', '', 'submited', ''),
(178, 'SIX', 'fortyone', 'head_prefect', ''),
(179, 'SIX', 'fortyfour', 'nsubuga_house_prefect', ''),
(180, 'SIX', 'fortynine', 'george_house_prefect', ''),
(181, 'SIX', 'fiftyone', 'armitage_house_prefect', ''),
(182, 'SIX', 'fiftythree', 'education_minister', ''),
(183, 'SIX', 'fiftysix', 'protocol_prefect', ''),
(184, 'SIX', 'onehundredfortyfour', 'time_keeper', ''),
(185, 'SIX', 'fiftyseven', 'chapel_prefect', ''),
(186, 'SIX', 'sixtyone', 'clubs_prefect', ''),
(187, 'SIX', 'sixtyfour', 'mess_minister', ''),
(188, 'SIX', 'onehundredfortyseven', 'entertainment_minister', ''),
(189, 'SIX', 'onehundredfortynine', 'sempa_house_prefect', ''),
(190, 'SIX', '', 'submited', ''),
(191, 'FIVE', 'fortytwo', 'head_prefect', ''),
(192, 'FIVE', 'sixtynine', 'nsubuga_house_prefect', ''),
(193, 'FIVE', 'fortynine', 'george_house_prefect', ''),
(194, 'FIVE', 'fiftyone', 'armitage_house_prefect', ''),
(195, 'FIVE', 'fiftyfour', 'education_minister', ''),
(196, 'FIVE', 'fiftyfive', 'protocol_prefect', ''),
(197, 'FIVE', 'onehundredfortythree', 'time_keeper', ''),
(198, 'FIVE', 'fiftyseven', 'chapel_prefect', ''),
(199, 'FIVE', 'sixty', 'clubs_prefect', ''),
(200, 'FIVE', 'sixtyfour', 'mess_minister', ''),
(201, 'FIVE', 'onehundredfortyseven', 'entertainment_minister', ''),
(202, 'FIVE', 'onehundredfortynine', 'sempa_house_prefect', ''),
(203, 'FIVE', '', 'submited', ''),
(204, 'TWENTYFIVE', 'forty', 'head_prefect', ''),
(205, 'TWENTYFIVE', 'fortyfive', 'nsubuga_house_prefect', ''),
(206, 'TWENTYFIVE', 'fortynine', 'george_house_prefect', ''),
(207, 'TWENTYFIVE', 'fiftyone', 'armitage_house_prefect', ''),
(208, 'TWENTYFIVE', 'fiftythree', 'education_minister', ''),
(209, 'TWENTYFIVE', 'fiftyfive', 'protocol_prefect', ''),
(210, 'TWENTYFIVE', 'onehundredfortythree', 'time_keeper', ''),
(211, 'TWENTYFIVE', 'fiftyseven', 'chapel_prefect', ''),
(212, 'TWENTYFIVE', 'sixtyone', 'clubs_prefect', ''),
(213, 'TWENTYFIVE', 'sixtyfour', 'mess_minister', ''),
(214, 'TWENTYFIVE', 'onehundredfortyseven', 'entertainment_minister', ''),
(215, 'TWENTYFIVE', 'sixtyeight', 'sempa_house_prefect', ''),
(216, 'TWENTYFIVE', '', 'submited', ''),
(217, 'FOURTEEN', 'fortyone', 'head_prefect', ''),
(218, 'FOURTEEN', 'sixtynine', 'nsubuga_house_prefect', ''),
(219, 'FOURTEEN', 'fortynine', 'george_house_prefect', ''),
(220, 'FOURTEEN', 'fiftyone', 'armitage_house_prefect', ''),
(221, 'FOURTEEN', 'onehundredforty', 'education_minister', ''),
(222, 'FOURTEEN', 'fiftysix', 'protocol_prefect', ''),
(223, 'FOURTEEN', 'onehundredfortythree', 'time_keeper', ''),
(224, 'FOURTEEN', 'fiftyeight', 'chapel_prefect', ''),
(225, 'FOURTEEN', 'sixtytwo', 'clubs_prefect', ''),
(226, 'FOURTEEN', 'sixtyfive', 'mess_minister', ''),
(227, 'FOURTEEN', 'onehundredfortyseven', 'entertainment_minister', ''),
(228, 'FOURTEEN', 'onehundredfortynine', 'sempa_house_prefect', ''),
(229, 'FOURTEEN', '', 'submited', ''),
(230, 'FOURTEEN', 'fortyone', 'head_prefect', ''),
(231, 'FOURTEEN', 'sixtynine', 'nsubuga_house_prefect', ''),
(232, 'FOURTEEN', 'fortynine', 'george_house_prefect', ''),
(233, 'FOURTEEN', 'fiftyone', 'armitage_house_prefect', ''),
(234, 'FOURTEEN', 'onehundredforty', 'education_minister', ''),
(235, 'FOURTEEN', 'fiftysix', 'protocol_prefect', ''),
(236, 'FOURTEEN', 'onehundredfortythree', 'time_keeper', ''),
(237, 'FOURTEEN', 'fiftyeight', 'chapel_prefect', ''),
(238, 'FOURTEEN', 'sixtytwo', 'clubs_prefect', ''),
(239, 'FOURTEEN', 'sixtyfive', 'mess_minister', ''),
(240, 'FOURTEEN', 'onehundredfortyseven', 'entertainment_minister', ''),
(241, 'FOURTEEN', 'onehundredfortynine', 'sempa_house_prefect', ''),
(242, 'FOURTEEN', '', 'submited', ''),
(243, 'FOURTEEN', 'fortyone', 'head_prefect', ''),
(244, 'FOURTEEN', 'sixtynine', 'nsubuga_house_prefect', ''),
(245, 'FOURTEEN', 'fortynine', 'george_house_prefect', ''),
(246, 'FOURTEEN', 'fiftyone', 'armitage_house_prefect', ''),
(247, 'FOURTEEN', 'onehundredforty', 'education_minister', ''),
(248, 'FOURTEEN', 'fiftysix', 'protocol_prefect', ''),
(249, 'FOURTEEN', 'onehundredfortythree', 'time_keeper', ''),
(250, 'FOURTEEN', 'fiftyeight', 'chapel_prefect', ''),
(251, 'FOURTEEN', 'sixtytwo', 'clubs_prefect', ''),
(252, 'FOURTEEN', 'sixtyfive', 'mess_minister', ''),
(253, 'FOURTEEN', 'onehundredfortyseven', 'entertainment_minister', ''),
(254, 'FOURTEEN', 'onehundredfortynine', 'sempa_house_prefect', ''),
(255, 'FOURTEEN', '', 'submited', ''),
(256, 'FOURTEEN', 'fortyone', 'head_prefect', ''),
(257, 'FOURTEEN', 'sixtynine', 'nsubuga_house_prefect', ''),
(258, 'FOURTEEN', 'fortynine', 'george_house_prefect', ''),
(259, 'FOURTEEN', 'fiftyone', 'armitage_house_prefect', ''),
(260, 'FOURTEEN', 'onehundredforty', 'education_minister', ''),
(261, 'FOURTEEN', 'fiftysix', 'protocol_prefect', ''),
(262, 'FOURTEEN', 'onehundredfortythree', 'time_keeper', ''),
(263, 'FOURTEEN', 'fiftyeight', 'chapel_prefect', ''),
(264, 'FOURTEEN', 'sixtytwo', 'clubs_prefect', ''),
(265, 'FOURTEEN', 'sixtyfive', 'mess_minister', ''),
(266, 'FOURTEEN', 'onehundredfortyseven', 'entertainment_minister', ''),
(267, 'FOURTEEN', 'onehundredfortynine', 'sempa_house_prefect', ''),
(268, 'FOURTEEN', '', 'submited', ''),
(269, 'NINE', 'forty', 'head_prefect', ''),
(270, 'NINE', 'fortyfour', 'nsubuga_house_prefect', ''),
(271, 'NINE', 'fortynine', 'george_house_prefect', ''),
(272, 'NINE', 'fifty', 'armitage_house_prefect', ''),
(273, 'NINE', 'fiftyfour', 'education_minister', ''),
(274, 'NINE', 'onehundredfortyone', 'protocol_prefect', ''),
(275, 'NINE', 'onehundredfortyfour', 'time_keeper', ''),
(276, 'NINE', 'fiftyseven', 'chapel_prefect', ''),
(277, 'NINE', 'sixtyone', 'clubs_prefect', ''),
(278, 'NINE', 'sixtyfour', 'mess_minister', ''),
(279, 'NINE', 'onehundredfortyseven', 'entertainment_minister', ''),
(280, 'NINE', 'onehundredfortynine', 'sempa_house_prefect', ''),
(281, 'NINE', '', 'submited', ''),
(282, 'TWELVE', 'fortytwo', 'head_prefect', ''),
(283, 'TWELVE', 'fortynine', 'george_house_prefect', ''),
(284, 'TWELVE', 'fiftytwo', 'armitage_house_prefect', ''),
(285, 'TWELVE', 'onehundredfortyone', 'protocol_prefect', ''),
(286, 'TWELVE', 'onehundredfortythree', 'time_keeper', ''),
(287, 'TWELVE', 'fiftyseven', 'chapel_prefect', ''),
(288, 'TWELVE', 'sixtyone', 'clubs_prefect', ''),
(289, 'TWELVE', 'sixtyfour', 'mess_minister', ''),
(290, 'TWELVE', 'onehundredfortyseven', 'entertainment_minister', ''),
(291, 'TWELVE', 'onehundredfifty', 'sempa_house_prefect', ''),
(292, 'TWELVE', '', 'submited', ''),
(293, 'TWENTYFOUR', 'fortyone', 'head_prefect', ''),
(294, 'TWENTYFOUR', 'fortyfive', 'nsubuga_house_prefect', ''),
(295, 'TWENTYFOUR', 'fortynine', 'george_house_prefect', ''),
(296, 'TWENTYFOUR', 'fiftytwo', 'armitage_house_prefect', ''),
(297, 'TWENTYFOUR', 'onehundredforty', 'education_minister', ''),
(298, 'TWENTYFOUR', 'fiftysix', 'protocol_prefect', ''),
(299, 'TWENTYFOUR', 'fiftynine', 'time_keeper', ''),
(300, 'TWENTYFOUR', 'fiftyseven', 'chapel_prefect', ''),
(301, 'TWENTYFOUR', 'sixtyone', 'clubs_prefect', ''),
(302, 'TWENTYFOUR', 'sixtythree', 'mess_minister', ''),
(303, 'TWENTYFOUR', 'onehundredfortyeight', 'entertainment_minister', ''),
(304, 'TWENTYFOUR', 'sixtyeight', 'sempa_house_prefect', ''),
(305, 'TWENTYFOUR', '', 'submited', ''),
(306, 'SIXTEEN', 'fortyone', 'head_prefect', ''),
(307, 'SIXTEEN', 'sixtynine', 'nsubuga_house_prefect', ''),
(308, 'SIXTEEN', 'fortyeight', 'george_house_prefect', ''),
(309, 'SIXTEEN', 'fifty', 'armitage_house_prefect', ''),
(310, 'SIXTEEN', 'fiftythree', 'education_minister', ''),
(311, 'SIXTEEN', 'fiftyfive', 'protocol_prefect', ''),
(312, 'SIXTEEN', 'onehundredfortythree', 'time_keeper', ''),
(313, 'SIXTEEN', 'fiftyeight', 'chapel_prefect', ''),
(314, 'SIXTEEN', 'sixty', 'clubs_prefect', ''),
(315, 'SIXTEEN', 'sixtyfour', 'mess_minister', ''),
(316, 'SIXTEEN', 'onehundredfortyseven', 'entertainment_minister', ''),
(317, 'SIXTEEN', 'sixtyeight', 'sempa_house_prefect', ''),
(318, 'SIXTEEN', '', 'submited', ''),
(319, 'TWENTYTHREE', 'fortyone', 'head_prefect', ''),
(320, 'TWENTYTHREE', 'fortyfour', 'nsubuga_house_prefect', ''),
(321, 'TWENTYTHREE', 'fortyeight', 'george_house_prefect', ''),
(322, 'TWENTYTHREE', 'fiftyone', 'armitage_house_prefect', ''),
(323, 'TWENTYTHREE', 'fiftythree', 'education_minister', ''),
(324, 'TWENTYTHREE', 'fiftyfive', 'protocol_prefect', ''),
(325, 'TWENTYTHREE', 'onehundredfortyfour', 'time_keeper', ''),
(326, 'TWENTYTHREE', 'onehundredfortyfive', 'chapel_prefect', ''),
(327, 'TWENTYTHREE', 'sixtyone', 'clubs_prefect', ''),
(328, 'TWENTYTHREE', 'sixtyfour', 'mess_minister', ''),
(329, 'TWENTYTHREE', 'onehundredfortyseven', 'entertainment_minister', ''),
(330, 'TWENTYTHREE', 'onehundredfifty', 'sempa_house_prefect', ''),
(331, 'TWENTYTHREE', '', 'submited', ''),
(332, 'FIFTEEN', 'fortyone', 'head_prefect', ''),
(333, 'FIFTEEN', 'fortyfour', 'nsubuga_house_prefect', ''),
(334, 'FIFTEEN', 'fortynine', 'george_house_prefect', ''),
(335, 'FIFTEEN', 'fiftyone', 'armitage_house_prefect', ''),
(336, 'FIFTEEN', 'fiftythree', 'education_minister', ''),
(337, 'FIFTEEN', 'fiftysix', 'protocol_prefect', ''),
(338, 'FIFTEEN', 'onehundredfortyfour', 'time_keeper', ''),
(339, 'FIFTEEN', 'onehundredfortysix', 'chapel_prefect', ''),
(340, 'FIFTEEN', 'sixtyfour', 'mess_minister', ''),
(341, 'FIFTEEN', 'sixtysix', 'entertainment_minister', ''),
(342, 'FIFTEEN', 'onehundredfortynine', 'sempa_house_prefect', ''),
(343, 'FIFTEEN', '', 'submited', ''),
(344, 'NINETEEN', 'fortyone', 'head_prefect', ''),
(345, 'NINETEEN', 'fortyfour', 'nsubuga_house_prefect', ''),
(346, 'NINETEEN', 'fortyseven', 'george_house_prefect', ''),
(347, 'NINETEEN', 'fiftyone', 'armitage_house_prefect', ''),
(348, 'NINETEEN', 'onehundredforty', 'education_minister', ''),
(349, 'NINETEEN', 'fiftysix', 'protocol_prefect', ''),
(350, 'NINETEEN', 'fiftynine', 'time_keeper', ''),
(351, 'NINETEEN', 'onehundredfortysix', 'chapel_prefect', ''),
(352, 'NINETEEN', 'sixtythree', 'mess_minister', ''),
(353, 'NINETEEN', 'sixtyseven', 'entertainment_minister', ''),
(354, 'NINETEEN', 'sixtyeight', 'sempa_house_prefect', ''),
(355, 'NINETEEN', '', 'submited', ''),
(356, 'TWENTYSIX', 'fortytwo', 'head_prefect', ''),
(357, 'TWENTYSIX', 'fortyfour', 'nsubuga_house_prefect', ''),
(358, 'TWENTYSIX', 'fortysix', 'george_house_prefect', ''),
(359, 'TWENTYSIX', 'fiftyone', 'armitage_house_prefect', ''),
(360, 'TWENTYSIX', 'fiftythree', 'education_minister', ''),
(361, 'TWENTYSIX', 'fiftysix', 'protocol_prefect', ''),
(362, 'TWENTYSIX', 'onehundredfortytwo', 'time_keeper', ''),
(363, 'TWENTYSIX', 'onehundredfortysix', 'chapel_prefect', ''),
(364, 'TWENTYSIX', 'sixtyone', 'clubs_prefect', ''),
(365, 'TWENTYSIX', 'sixtyfour', 'mess_minister', ''),
(366, 'TWENTYSIX', 'sixtysix', 'entertainment_minister', ''),
(367, 'TWENTYSIX', 'onehundredfortynine', 'sempa_house_prefect', ''),
(368, 'TWENTYSIX', '', 'submited', ''),
(369, 'FORTYONE', 'fortyone', 'head_prefect', ''),
(370, 'FORTYONE', 'fortyfour', 'nsubuga_house_prefect', ''),
(371, 'FORTYONE', 'fortyeight', 'george_house_prefect', ''),
(372, 'FORTYONE', 'fifty', 'armitage_house_prefect', ''),
(373, 'FORTYONE', 'onehundredforty', 'education_minister', ''),
(374, 'FORTYONE', 'fiftyfive', 'protocol_prefect', ''),
(375, 'FORTYONE', 'onehundredfortytwo', 'time_keeper', ''),
(376, 'FORTYONE', 'fiftyseven', 'chapel_prefect', ''),
(377, 'FORTYONE', 'sixtyone', 'clubs_prefect', ''),
(378, 'FORTYONE', 'sixtythree', 'mess_minister', ''),
(379, 'FORTYONE', 'onehundredfortyeight', 'entertainment_minister', ''),
(380, 'FORTYONE', 'onehundredfortynine', 'sempa_house_prefect', ''),
(381, 'FORTYONE', '', 'submited', ''),
(382, 'FORTYTWO', 'forty', 'head_prefect', ''),
(383, 'FORTYTWO', 'fortyfive', 'nsubuga_house_prefect', ''),
(384, 'FORTYTWO', 'fortyseven', 'george_house_prefect', ''),
(385, 'FORTYTWO', 'fiftyone', 'armitage_house_prefect', ''),
(386, 'FORTYTWO', 'fiftythree', 'education_minister', ''),
(387, 'FORTYTWO', 'onehundredfortyone', 'protocol_prefect', ''),
(388, 'FORTYTWO', 'fiftynine', 'time_keeper', ''),
(389, 'FORTYTWO', 'onehundredfortyfive', 'chapel_prefect', ''),
(390, 'FORTYTWO', 'sixtyone', 'clubs_prefect', ''),
(391, 'FORTYTWO', 'sixtythree', 'mess_minister', ''),
(392, 'FORTYTWO', 'onehundredfortyseven', 'entertainment_minister', ''),
(393, 'FORTYTWO', 'onehundredfifty', 'sempa_house_prefect', ''),
(394, 'FORTYTWO', '', 'submited', ''),
(395, 'TWENTYNINE', 'fortyone', 'head_prefect', ''),
(396, 'TWENTYNINE', 'sixtynine', 'nsubuga_house_prefect', ''),
(397, 'TWENTYNINE', 'fortyeight', 'george_house_prefect', ''),
(398, 'TWENTYNINE', 'fiftyone', 'armitage_house_prefect', ''),
(399, 'TWENTYNINE', 'onehundredforty', 'education_minister', ''),
(400, 'TWENTYNINE', 'fiftyfive', 'protocol_prefect', ''),
(401, 'TWENTYNINE', 'onehundredfortyfour', 'time_keeper', ''),
(402, 'TWENTYNINE', 'onehundredfortysix', 'chapel_prefect', ''),
(403, 'TWENTYNINE', 'sixtyone', 'clubs_prefect', ''),
(404, 'TWENTYNINE', 'sixtyfive', 'mess_minister', ''),
(405, 'TWENTYNINE', 'onehundredfortyseven', 'entertainment_minister', ''),
(406, 'TWENTYNINE', 'sixtyeight', 'sempa_house_prefect', ''),
(407, 'TWENTYNINE', '', 'submited', ''),
(408, 'FORTYNINE', 'forty', 'head_prefect', ''),
(409, 'FORTYNINE', 'fortyfive', 'nsubuga_house_prefect', ''),
(410, 'FORTYNINE', 'fortysix', 'george_house_prefect', ''),
(411, 'FORTYNINE', 'fiftytwo', 'armitage_house_prefect', ''),
(412, 'FORTYNINE', 'fiftythree', 'education_minister', ''),
(413, 'FORTYNINE', 'onehundredfortyone', 'protocol_prefect', ''),
(414, 'FORTYNINE', 'fiftynine', 'time_keeper', ''),
(415, 'FORTYNINE', 'onehundredfortysix', 'chapel_prefect', ''),
(416, 'FORTYNINE', 'sixtytwo', 'clubs_prefect', ''),
(417, 'FORTYNINE', 'sixtyfive', 'mess_minister', ''),
(418, 'FORTYNINE', 'sixtysix', 'entertainment_minister', ''),
(419, 'FORTYNINE', 'onehundredfortynine', 'sempa_house_prefect', ''),
(420, 'FORTYNINE', '', 'submited', ''),
(421, 'FORTY', 'forty', 'head_prefect', ''),
(422, 'FORTY', 'fortyfour', 'nsubuga_house_prefect', ''),
(423, 'FORTY', 'fortynine', 'george_house_prefect', ''),
(424, 'FORTY', 'fiftyone', 'armitage_house_prefect', ''),
(425, 'FORTY', 'fiftythree', 'education_minister', ''),
(426, 'FORTY', 'fiftysix', 'protocol_prefect', ''),
(427, 'FORTY', 'onehundredfortyfour', 'time_keeper', ''),
(428, 'FORTY', 'fiftyseven', 'chapel_prefect', ''),
(429, 'FORTY', 'sixtyone', 'clubs_prefect', ''),
(430, 'FORTY', 'sixtyfour', 'mess_minister', ''),
(431, 'FORTY', 'onehundredfortyseven', 'entertainment_minister', ''),
(432, 'FORTY', 'onehundredfortynine', 'sempa_house_prefect', ''),
(433, 'FORTY', '', 'submited', ''),
(434, 'FORTYSEVEN', 'fortyone', 'head_prefect', ''),
(435, 'FORTYSEVEN', 'fortyfour', 'nsubuga_house_prefect', ''),
(436, 'FORTYSEVEN', 'fortynine', 'george_house_prefect', ''),
(437, 'FORTYSEVEN', 'fifty', 'armitage_house_prefect', ''),
(438, 'FORTYSEVEN', 'fiftysix', 'protocol_prefect', ''),
(439, 'FORTYSEVEN', 'onehundredfortytwo', 'time_keeper', ''),
(440, 'FORTYSEVEN', 'fiftyseven', 'chapel_prefect', ''),
(441, 'FORTYSEVEN', 'sixtyfour', 'mess_minister', ''),
(442, 'FORTYSEVEN', 'onehundredfortyeight', 'entertainment_minister', ''),
(443, 'FORTYSEVEN', 'onehundredfifty', 'sempa_house_prefect', ''),
(444, 'FORTYSEVEN', '', 'submited', ''),
(445, 'THIRTYTHREE', 'fortyone', 'head_prefect', ''),
(446, 'THIRTYTHREE', 'fortyfour', 'nsubuga_house_prefect', ''),
(447, 'THIRTYTHREE', 'fortynine', 'george_house_prefect', ''),
(448, 'THIRTYTHREE', 'fiftyone', 'armitage_house_prefect', ''),
(449, 'THIRTYTHREE', 'fiftythree', 'education_minister', ''),
(450, 'THIRTYTHREE', 'fiftysix', 'protocol_prefect', ''),
(451, 'THIRTYTHREE', 'onehundredfortyfour', 'time_keeper', ''),
(452, 'THIRTYTHREE', 'fiftyseven', 'chapel_prefect', ''),
(453, 'THIRTYTHREE', 'sixtyone', 'clubs_prefect', ''),
(454, 'THIRTYTHREE', 'sixtyfour', 'mess_minister', ''),
(455, 'THIRTYTHREE', 'onehundredfortyseven', 'entertainment_minister', ''),
(456, 'THIRTYTHREE', 'onehundredfortynine', 'sempa_house_prefect', ''),
(457, 'THIRTYTHREE', '', 'submited', ''),
(458, 'THIRTYTWO', 'forty', 'head_prefect', ''),
(459, 'THIRTYTWO', 'sixtynine', 'nsubuga_house_prefect', ''),
(460, 'THIRTYTWO', 'fortynine', 'george_house_prefect', ''),
(461, 'THIRTYTWO', 'fiftyone', 'armitage_house_prefect', ''),
(462, 'THIRTYTWO', 'onehundredforty', 'education_minister', ''),
(463, 'THIRTYTWO', 'onehundredfortyone', 'protocol_prefect', ''),
(464, 'THIRTYTWO', 'onehundredfortytwo', 'time_keeper', ''),
(465, 'THIRTYTWO', 'fiftyseven', 'chapel_prefect', ''),
(466, 'THIRTYTWO', 'sixty', 'clubs_prefect', ''),
(467, 'THIRTYTWO', 'sixtyfour', 'mess_minister', ''),
(468, 'THIRTYTWO', 'onehundredfortyeight', 'entertainment_minister', ''),
(469, 'THIRTYTWO', 'sixtyeight', 'sempa_house_prefect', ''),
(470, 'THIRTYTWO', '', 'submited', ''),
(471, 'THIRTYONE', 'forty', 'head_prefect', ''),
(472, 'THIRTYONE', 'sixtynine', 'nsubuga_house_prefect', ''),
(473, 'THIRTYONE', 'fortynine', 'george_house_prefect', ''),
(474, 'THIRTYONE', 'fifty', 'armitage_house_prefect', ''),
(475, 'THIRTYONE', 'fiftythree', 'education_minister', ''),
(476, 'THIRTYONE', 'onehundredfortyone', 'protocol_prefect', ''),
(477, 'THIRTYONE', 'onehundredfortyfour', 'time_keeper', ''),
(478, 'THIRTYONE', 'onehundredfortysix', 'chapel_prefect', ''),
(479, 'THIRTYONE', 'sixtyone', 'clubs_prefect', ''),
(480, 'THIRTYONE', 'sixtythree', 'mess_minister', ''),
(481, 'THIRTYONE', 'sixtyseven', 'entertainment_minister', ''),
(482, 'THIRTYONE', 'sixtyeight', 'sempa_house_prefect', ''),
(483, 'THIRTYONE', '', 'submited', ''),
(484, 'FORTYFIVE', 'fortyone', 'head_prefect', ''),
(485, 'FORTYFIVE', 'fortyfive', 'nsubuga_house_prefect', ''),
(486, 'FORTYFIVE', 'fortyseven', 'george_house_prefect', ''),
(487, 'FORTYFIVE', 'fifty', 'armitage_house_prefect', ''),
(488, 'FORTYFIVE', 'fiftythree', 'education_minister', ''),
(489, 'FORTYFIVE', 'fiftyfive', 'protocol_prefect', ''),
(490, 'FORTYFIVE', 'fiftynine', 'time_keeper', ''),
(491, 'FORTYFIVE', 'onehundredfortyfive', 'chapel_prefect', ''),
(492, 'FORTYFIVE', 'sixtyone', 'clubs_prefect', ''),
(493, 'FORTYFIVE', 'sixtyfive', 'mess_minister', ''),
(494, 'FORTYFIVE', 'onehundredfortyseven', 'entertainment_minister', ''),
(495, 'FORTYFIVE', 'sixtyeight', 'sempa_house_prefect', ''),
(496, 'FORTYFIVE', '', 'submited', ''),
(497, 'THIRTYFIVE', 'fortythree', 'head_prefect', ''),
(498, 'THIRTYFIVE', 'fortyfive', 'nsubuga_house_prefect', ''),
(499, 'THIRTYFIVE', 'fortysix', 'george_house_prefect', ''),
(500, 'THIRTYFIVE', 'fiftyone', 'armitage_house_prefect', ''),
(501, 'THIRTYFIVE', 'fiftythree', 'education_minister', ''),
(502, 'THIRTYFIVE', 'fiftyfive', 'protocol_prefect', ''),
(503, 'THIRTYFIVE', 'onehundredfortythree', 'time_keeper', ''),
(504, 'THIRTYFIVE', 'fiftyseven', 'chapel_prefect', ''),
(505, 'THIRTYFIVE', 'sixtyone', 'clubs_prefect', ''),
(506, 'THIRTYFIVE', 'sixtyfour', 'mess_minister', ''),
(507, 'THIRTYFIVE', 'onehundredfortyeight', 'entertainment_minister', ''),
(508, 'THIRTYFIVE', 'onehundredfortynine', 'sempa_house_prefect', ''),
(509, 'THIRTYFIVE', '', 'submited', ''),
(510, 'FIFTY', 'fortyone', 'head_prefect', ''),
(511, 'FIFTY', 'fortyfive', 'nsubuga_house_prefect', ''),
(512, 'FIFTY', 'fortynine', 'george_house_prefect', ''),
(513, 'FIFTY', 'fiftytwo', 'armitage_house_prefect', ''),
(514, 'FIFTY', 'fiftythree', 'education_minister', ''),
(515, 'FIFTY', 'fiftyfive', 'protocol_prefect', ''),
(516, 'FIFTY', 'onehundredfortythree', 'time_keeper', ''),
(517, 'FIFTY', 'fiftyseven', 'chapel_prefect', ''),
(518, 'FIFTY', 'sixtytwo', 'clubs_prefect', ''),
(519, 'FIFTY', 'sixtyfive', 'mess_minister', ''),
(520, 'FIFTY', 'onehundredfortyseven', 'entertainment_minister', ''),
(521, 'FIFTY', 'onehundredfortynine', 'sempa_house_prefect', ''),
(522, 'FIFTY', '', 'submited', ''),
(523, 'FORTYSIX', 'fortyone', 'head_prefect', ''),
(524, 'FORTYSIX', 'fortyfour', 'nsubuga_house_prefect', ''),
(525, 'FORTYSIX', 'fortyseven', 'george_house_prefect', ''),
(526, 'FORTYSIX', 'fiftytwo', 'armitage_house_prefect', ''),
(527, 'FORTYSIX', 'onehundredforty', 'education_minister', ''),
(528, 'FORTYSIX', 'fiftysix', 'protocol_prefect', ''),
(529, 'FORTYSIX', 'onehundredfortythree', 'time_keeper', ''),
(530, 'FORTYSIX', 'fiftyseven', 'chapel_prefect', ''),
(531, 'FORTYSIX', 'sixtyone', 'clubs_prefect', ''),
(532, 'FORTYSIX', 'sixtythree', 'mess_minister', ''),
(533, 'FORTYSIX', 'sixtyseven', 'entertainment_minister', ''),
(534, 'FORTYSIX', 'onehundredfortynine', 'sempa_house_prefect', ''),
(535, 'FORTYSIX', '', 'submited', ''),
(536, 'FORTYEIGHT', 'forty', 'head_prefect', ''),
(537, 'FORTYEIGHT', 'fortyfive', 'nsubuga_house_prefect', ''),
(538, 'FORTYEIGHT', 'fortynine', 'george_house_prefect', ''),
(539, 'FORTYEIGHT', 'fiftytwo', 'armitage_house_prefect', ''),
(540, 'FORTYEIGHT', 'fiftythree', 'education_minister', ''),
(541, 'FORTYEIGHT', 'fiftysix', 'protocol_prefect', ''),
(542, 'FORTYEIGHT', 'onehundredfortythree', 'time_keeper', ''),
(543, 'FORTYEIGHT', 'onehundredfortyfive', 'chapel_prefect', ''),
(544, 'FORTYEIGHT', 'sixtytwo', 'clubs_prefect', ''),
(545, 'FORTYEIGHT', 'sixtythree', 'mess_minister', ''),
(546, 'FORTYEIGHT', 'onehundredfortyeight', 'entertainment_minister', ''),
(547, 'FORTYEIGHT', 'onehundredfortynine', 'sempa_house_prefect', ''),
(548, 'FORTYEIGHT', '', 'submited', ''),
(549, 'THIRTYSIX', 'fortyone', 'head_prefect', ''),
(550, 'THIRTYSIX', 'fortyfive', 'nsubuga_house_prefect', ''),
(551, 'THIRTYSIX', 'fortyseven', 'george_house_prefect', ''),
(552, 'THIRTYSIX', 'fiftytwo', 'armitage_house_prefect', ''),
(553, 'THIRTYSIX', 'fiftythree', 'education_minister', ''),
(554, 'THIRTYSIX', 'fiftyfive', 'protocol_prefect', ''),
(555, 'THIRTYSIX', 'onehundredfortytwo', 'time_keeper', ''),
(556, 'THIRTYSIX', 'fiftyeight', 'chapel_prefect', ''),
(557, 'THIRTYSIX', 'sixtyone', 'clubs_prefect', ''),
(558, 'THIRTYSIX', 'sixtythree', 'mess_minister', ''),
(559, 'THIRTYSIX', 'onehundredfortyeight', 'entertainment_minister', ''),
(560, 'THIRTYSIX', 'onehundredfortynine', 'sempa_house_prefect', ''),
(561, 'THIRTYSIX', '', 'submited', ''),
(562, 'THIRTYFOUR', 'fortyone', 'head_prefect', ''),
(563, 'THIRTYFOUR', 'fortyfive', 'nsubuga_house_prefect', ''),
(564, 'THIRTYFOUR', 'fortyeight', 'george_house_prefect', ''),
(565, 'THIRTYFOUR', 'fiftytwo', 'armitage_house_prefect', ''),
(566, 'THIRTYFOUR', 'onehundredforty', 'education_minister', ''),
(567, 'THIRTYFOUR', 'fiftysix', 'protocol_prefect', ''),
(568, 'THIRTYFOUR', 'onehundredfortyfour', 'time_keeper', ''),
(569, 'THIRTYFOUR', 'fiftyeight', 'chapel_prefect', ''),
(570, 'THIRTYFOUR', 'sixtytwo', 'clubs_prefect', ''),
(571, 'THIRTYFOUR', 'sixtyfour', 'mess_minister', ''),
(572, 'THIRTYFOUR', 'onehundredfortyseven', 'entertainment_minister', ''),
(573, 'THIRTYFOUR', 'sixtyeight', 'sempa_house_prefect', ''),
(574, 'THIRTYFOUR', '', 'submited', ''),
(575, 'THIRTYSEVEN', 'forty', 'head_prefect', ''),
(576, 'THIRTYSEVEN', 'fortyfour', 'nsubuga_house_prefect', ''),
(577, 'THIRTYSEVEN', 'fiftytwo', 'armitage_house_prefect', ''),
(578, 'THIRTYSEVEN', 'fiftyfour', 'education_minister', ''),
(579, 'THIRTYSEVEN', 'onehundredfortyone', 'protocol_prefect', ''),
(580, 'THIRTYSEVEN', 'onehundredfortytwo', 'time_keeper', ''),
(581, 'THIRTYSEVEN', 'fiftyseven', 'chapel_prefect', ''),
(582, 'THIRTYSEVEN', 'sixty', 'clubs_prefect', ''),
(583, 'THIRTYSEVEN', 'sixtythree', 'mess_minister', ''),
(584, 'THIRTYSEVEN', 'onehundredfortyseven', 'entertainment_minister', ''),
(585, 'THIRTYSEVEN', 'onehundredfifty', 'sempa_house_prefect', ''),
(586, 'THIRTYSEVEN', '', 'submited', ''),
(587, 'FIFTYONE', 'fortyone', 'head_prefect', ''),
(588, 'FIFTYONE', 'sixtynine', 'nsubuga_house_prefect', ''),
(589, 'FIFTYONE', 'fortyseven', 'george_house_prefect', ''),
(590, 'FIFTYONE', 'fiftyone', 'armitage_house_prefect', ''),
(591, 'FIFTYONE', 'fiftythree', 'education_minister', ''),
(592, 'FIFTYONE', 'onehundredfortyone', 'protocol_prefect', ''),
(593, 'FIFTYONE', 'onehundredfortythree', 'time_keeper', ''),
(594, 'FIFTYONE', 'fiftyeight', 'chapel_prefect', ''),
(595, 'FIFTYONE', 'sixty', 'clubs_prefect', ''),
(596, 'FIFTYONE', 'sixtythree', 'mess_minister', ''),
(597, 'FIFTYONE', 'sixtyseven', 'entertainment_minister', ''),
(598, 'FIFTYONE', 'sixtyeight', 'sempa_house_prefect', ''),
(599, 'FIFTYONE', '', 'submited', ''),
(600, 'THIRTYNINE', 'fortyone', 'head_prefect', ''),
(601, 'THIRTYNINE', 'fortyfive', 'nsubuga_house_prefect', ''),
(602, 'THIRTYNINE', 'fortyseven', 'george_house_prefect', ''),
(603, 'THIRTYNINE', 'fiftyone', 'armitage_house_prefect', ''),
(604, 'THIRTYNINE', 'onehundredforty', 'education_minister', ''),
(605, 'THIRTYNINE', 'fiftyfive', 'protocol_prefect', ''),
(606, 'THIRTYNINE', 'fiftynine', 'time_keeper', ''),
(607, 'THIRTYNINE', 'onehundredfortysix', 'chapel_prefect', ''),
(608, 'THIRTYNINE', 'sixtyone', 'clubs_prefect', ''),
(609, 'THIRTYNINE', 'sixtythree', 'mess_minister', ''),
(610, 'THIRTYNINE', 'onehundredfortyseven', 'entertainment_minister', ''),
(611, 'THIRTYNINE', 'onehundredfortynine', 'sempa_house_prefect', ''),
(612, 'THIRTYNINE', '', 'submited', ''),
(613, 'THIRTYEIGHT', 'fortyone', 'head_prefect', ''),
(614, 'THIRTYEIGHT', 'fortyfive', 'nsubuga_house_prefect', ''),
(615, 'THIRTYEIGHT', 'fortynine', 'george_house_prefect', ''),
(616, 'THIRTYEIGHT', 'fiftytwo', 'armitage_house_prefect', ''),
(617, 'THIRTYEIGHT', 'fiftythree', 'education_minister', ''),
(618, 'THIRTYEIGHT', 'fiftyfive', 'protocol_prefect', ''),
(619, 'THIRTYEIGHT', 'onehundredfortyfour', 'time_keeper', ''),
(620, 'THIRTYEIGHT', 'onehundredfortysix', 'chapel_prefect', ''),
(621, 'THIRTYEIGHT', 'sixtyone', 'clubs_prefect', ''),
(622, 'THIRTYEIGHT', 'sixtyfive', 'mess_minister', ''),
(623, 'THIRTYEIGHT', 'onehundredfortyseven', 'entertainment_minister', ''),
(624, 'THIRTYEIGHT', 'sixtyeight', 'sempa_house_prefect', ''),
(625, 'THIRTYEIGHT', '', 'submited', ''),
(626, 'FIFTYTHREE', 'forty', 'head_prefect', ''),
(627, 'FIFTYTHREE', 'fortyfour', 'nsubuga_house_prefect', ''),
(628, 'FIFTYTHREE', 'fortynine', 'george_house_prefect', ''),
(629, 'FIFTYTHREE', 'fiftyone', 'armitage_house_prefect', ''),
(630, 'FIFTYTHREE', 'fiftythree', 'education_minister', ''),
(631, 'FIFTYTHREE', 'fiftysix', 'protocol_prefect', ''),
(632, 'FIFTYTHREE', 'onehundredfortyfour', 'time_keeper', ''),
(633, 'FIFTYTHREE', 'fiftyeight', 'chapel_prefect', ''),
(634, 'FIFTYTHREE', 'sixty', 'clubs_prefect', ''),
(635, 'FIFTYTHREE', 'sixtyfive', 'mess_minister', ''),
(636, 'FIFTYTHREE', 'onehundredfortyseven', 'entertainment_minister', ''),
(637, 'FIFTYTHREE', 'sixtyeight', 'sempa_house_prefect', ''),
(638, 'FIFTYTHREE', '', 'submited', ''),
(639, 'FIFTYSEVEN', 'forty', 'head_prefect', ''),
(640, 'FIFTYSEVEN', 'sixtynine', 'nsubuga_house_prefect', ''),
(641, 'FIFTYSEVEN', 'fortynine', 'george_house_prefect', ''),
(642, 'FIFTYSEVEN', 'fifty', 'armitage_house_prefect', ''),
(643, 'FIFTYSEVEN', 'onehundredforty', 'education_minister', ''),
(644, 'FIFTYSEVEN', 'onehundredfortyone', 'protocol_prefect', ''),
(645, 'FIFTYSEVEN', 'onehundredfortythree', 'time_keeper', ''),
(646, 'FIFTYSEVEN', 'fiftyeight', 'chapel_prefect', ''),
(647, 'FIFTYSEVEN', 'sixtyone', 'clubs_prefect', ''),
(648, 'FIFTYSEVEN', 'sixtyfive', 'mess_minister', ''),
(649, 'FIFTYSEVEN', 'onehundredfortyeight', 'entertainment_minister', ''),
(650, 'FIFTYSEVEN', 'onehundredfortynine', 'sempa_house_prefect', ''),
(651, 'FIFTYSEVEN', '', 'submited', ''),
(652, 'FIFTYSIX', 'fortythree', 'head_prefect', ''),
(653, 'FIFTYSIX', 'fortyfour', 'nsubuga_house_prefect', ''),
(654, 'FIFTYSIX', 'fortyeight', 'george_house_prefect', ''),
(655, 'FIFTYSIX', 'fiftyone', 'armitage_house_prefect', ''),
(656, 'FIFTYSIX', 'fiftysix', 'protocol_prefect', ''),
(657, 'FIFTYSIX', 'fiftynine', 'time_keeper', ''),
(658, 'FIFTYSIX', 'fiftyseven', 'chapel_prefect', ''),
(659, 'FIFTYSIX', 'sixtyone', 'clubs_prefect', ''),
(660, 'FIFTYSIX', 'sixtyfour', 'mess_minister', ''),
(661, 'FIFTYSIX', 'onehundredfortyeight', 'entertainment_minister', ''),
(662, 'FIFTYSIX', 'onehundredfifty', 'sempa_house_prefect', ''),
(663, 'FIFTYSIX', '', 'submited', ''),
(664, 'FIFTYFIVE', 'fortythree', 'head_prefect', ''),
(665, 'FIFTYFIVE', 'fortyfour', 'nsubuga_house_prefect', ''),
(666, 'FIFTYFIVE', 'fortyseven', 'george_house_prefect', ''),
(667, 'FIFTYFIVE', 'fifty', 'armitage_house_prefect', ''),
(668, 'FIFTYFIVE', 'fiftythree', 'education_minister', ''),
(669, 'FIFTYFIVE', 'fiftyfive', 'protocol_prefect', ''),
(670, 'FIFTYFIVE', 'onehundredfortyfour', 'time_keeper', ''),
(671, 'FIFTYFIVE', 'fiftyeight', 'chapel_prefect', ''),
(672, 'FIFTYFIVE', 'sixtyone', 'clubs_prefect', ''),
(673, 'FIFTYFIVE', 'sixtyfour', 'mess_minister', ''),
(674, 'FIFTYFIVE', 'onehundredfortyseven', 'entertainment_minister', ''),
(675, 'FIFTYFIVE', 'onehundredfortynine', 'sempa_house_prefect', ''),
(676, 'FIFTYFIVE', '', 'submited', ''),
(677, 'SEVENTYFIVE', 'fortytwo', 'head_prefect', ''),
(678, 'SEVENTYFIVE', 'fortyfive', 'nsubuga_house_prefect', ''),
(679, 'SEVENTYFIVE', 'fortysix', 'george_house_prefect', ''),
(680, 'SEVENTYFIVE', 'fiftyone', 'armitage_house_prefect', ''),
(681, 'SEVENTYFIVE', 'fiftythree', 'education_minister', ''),
(682, 'SEVENTYFIVE', 'fiftysix', 'protocol_prefect', ''),
(683, 'SEVENTYFIVE', 'onehundredfortytwo', 'time_keeper', ''),
(684, 'SEVENTYFIVE', 'fiftyeight', 'chapel_prefect', ''),
(685, 'SEVENTYFIVE', 'sixty', 'clubs_prefect', ''),
(686, 'SEVENTYFIVE', 'sixtythree', 'mess_minister', ''),
(687, 'SEVENTYFIVE', 'onehundredfortyseven', 'entertainment_minister', ''),
(688, 'SEVENTYFIVE', 'onehundredfortynine', 'sempa_house_prefect', ''),
(689, 'SEVENTYFIVE', '', 'submited', ''),
(690, 'FIFTYNINE', 'fortyone', 'head_prefect', ''),
(691, 'FIFTYNINE', 'fortyfour', 'nsubuga_house_prefect', ''),
(692, 'FIFTYNINE', 'fortysix', 'george_house_prefect', ''),
(693, 'FIFTYNINE', 'fiftyone', 'armitage_house_prefect', ''),
(694, 'FIFTYNINE', 'fiftythree', 'education_minister', ''),
(695, 'FIFTYNINE', 'fiftysix', 'protocol_prefect', ''),
(696, 'FIFTYNINE', 'onehundredfortythree', 'time_keeper', ''),
(697, 'FIFTYNINE', 'onehundredfortysix', 'chapel_prefect', ''),
(698, 'FIFTYNINE', 'sixtyone', 'clubs_prefect', ''),
(699, 'FIFTYNINE', 'sixtyfour', 'mess_minister', ''),
(700, 'FIFTYNINE', 'onehundredfortyseven', 'entertainment_minister', ''),
(701, 'FIFTYNINE', 'onehundredfortynine', 'sempa_house_prefect', ''),
(702, 'FIFTYNINE', '', 'submited', ''),
(703, 'SIXTY', 'fortythree', 'head_prefect', ''),
(704, 'SIXTY', 'fortyfive', 'nsubuga_house_prefect', ''),
(705, 'SIXTY', 'fortynine', 'george_house_prefect', ''),
(706, 'SIXTY', 'fifty', 'armitage_house_prefect', ''),
(707, 'SIXTY', 'fiftythree', 'education_minister', ''),
(708, 'SIXTY', 'fiftyfive', 'protocol_prefect', ''),
(709, 'SIXTY', 'onehundredfortyfour', 'time_keeper', ''),
(710, 'SIXTY', 'fiftyseven', 'chapel_prefect', ''),
(711, 'SIXTY', 'sixtyone', 'clubs_prefect', ''),
(712, 'SIXTY', 'sixtythree', 'mess_minister', ''),
(713, 'SIXTY', 'sixtysix', 'entertainment_minister', ''),
(714, 'SIXTY', 'onehundredfortynine', 'sempa_house_prefect', ''),
(715, 'SIXTY', '', 'submited', ''),
(716, 'SIXTYTHREE', 'fortyone', 'head_prefect', ''),
(717, 'SIXTYTHREE', 'fortyfive', 'nsubuga_house_prefect', ''),
(718, 'SIXTYTHREE', 'fortyeight', 'george_house_prefect', ''),
(719, 'SIXTYTHREE', 'fiftytwo', 'armitage_house_prefect', ''),
(720, 'SIXTYTHREE', 'onehundredforty', 'education_minister', ''),
(721, 'SIXTYTHREE', 'fiftysix', 'protocol_prefect', ''),
(722, 'SIXTYTHREE', 'onehundredfortyfour', 'time_keeper', ''),
(723, 'SIXTYTHREE', 'fiftyseven', 'chapel_prefect', ''),
(724, 'SIXTYTHREE', 'sixtyone', 'clubs_prefect', ''),
(725, 'SIXTYTHREE', 'sixtyfour', 'mess_minister', ''),
(726, 'SIXTYTHREE', 'sixtyseven', 'entertainment_minister', ''),
(727, 'SIXTYTHREE', 'sixtyeight', 'sempa_house_prefect', ''),
(728, 'SIXTYTHREE', '', 'submited', ''),
(729, 'SIXTYTWO', 'forty', 'head_prefect', ''),
(730, 'SIXTYTWO', 'fortyfour', 'nsubuga_house_prefect', ''),
(731, 'SIXTYTWO', 'fortysix', 'george_house_prefect', ''),
(732, 'SIXTYTWO', 'fiftyone', 'armitage_house_prefect', ''),
(733, 'SIXTYTWO', 'fiftythree', 'education_minister', ''),
(734, 'SIXTYTWO', 'fiftyfive', 'protocol_prefect', ''),
(735, 'SIXTYTWO', 'onehundredfortythree', 'time_keeper', ''),
(736, 'SIXTYTWO', 'fiftyseven', 'chapel_prefect', ''),
(737, 'SIXTYTWO', 'sixty', 'clubs_prefect', ''),
(738, 'SIXTYTWO', 'sixtyfive', 'mess_minister', ''),
(739, 'SIXTYTWO', 'sixtyseven', 'entertainment_minister', ''),
(740, 'SIXTYTWO', 'onehundredfortynine', 'sempa_house_prefect', ''),
(741, 'SIXTYTWO', '', 'submited', ''),
(742, 'FIFTYTWO', 'fortyone', 'head_prefect', ''),
(743, 'FIFTYTWO', 'sixtynine', 'nsubuga_house_prefect', ''),
(744, 'FIFTYTWO', 'fortyeight', 'george_house_prefect', ''),
(745, 'FIFTYTWO', 'fiftyone', 'armitage_house_prefect', ''),
(746, 'FIFTYTWO', 'fiftyfive', 'protocol_prefect', ''),
(747, 'FIFTYTWO', 'onehundredfortythree', 'time_keeper', ''),
(748, 'FIFTYTWO', 'fiftyeight', 'chapel_prefect', ''),
(749, 'FIFTYTWO', 'sixtytwo', 'clubs_prefect', ''),
(750, 'FIFTYTWO', 'onehundredfortyseven', 'entertainment_minister', ''),
(751, 'FIFTYTWO', 'sixtyeight', 'sempa_house_prefect', ''),
(752, 'FIFTYTWO', '', 'submited', ''),
(753, 'FIFTYTWO', 'fortyone', 'head_prefect', ''),
(754, 'FIFTYTWO', 'sixtynine', 'nsubuga_house_prefect', ''),
(755, 'FIFTYTWO', 'fortyeight', 'george_house_prefect', ''),
(756, 'FIFTYTWO', 'fiftyone', 'armitage_house_prefect', ''),
(757, 'FIFTYTWO', 'fiftyfive', 'protocol_prefect', ''),
(758, 'FIFTYTWO', 'onehundredfortythree', 'time_keeper', ''),
(759, 'FIFTYTWO', 'fiftyeight', 'chapel_prefect', ''),
(760, 'FIFTYTWO', 'sixtytwo', 'clubs_prefect', ''),
(761, 'FIFTYTWO', 'onehundredfortyseven', 'entertainment_minister', ''),
(762, 'FIFTYTWO', 'sixtyeight', 'sempa_house_prefect', ''),
(763, 'FIFTYTWO', '', 'submited', ''),
(764, 'SIXTYONE', 'fortytwo', 'head_prefect', ''),
(765, 'SIXTYONE', 'sixtynine', 'nsubuga_house_prefect', ''),
(766, 'SIXTYONE', 'fortyeight', 'george_house_prefect', ''),
(767, 'SIXTYONE', 'fiftyone', 'armitage_house_prefect', ''),
(768, 'SIXTYONE', 'fiftythree', 'education_minister', ''),
(769, 'SIXTYONE', 'onehundredfortyone', 'protocol_prefect', ''),
(770, 'SIXTYONE', 'onehundredfortyfour', 'time_keeper', ''),
(771, 'SIXTYONE', 'fiftyeight', 'chapel_prefect', ''),
(772, 'SIXTYONE', 'sixty', 'clubs_prefect', ''),
(773, 'SIXTYONE', 'sixtythree', 'mess_minister', ''),
(774, 'SIXTYONE', 'onehundredfortyseven', 'entertainment_minister', ''),
(775, 'SIXTYONE', 'onehundredfortynine', 'sempa_house_prefect', ''),
(776, 'SIXTYONE', '', 'submited', ''),
(777, 'FIFTYEIGHT', 'fortyone', 'head_prefect', ''),
(778, 'FIFTYEIGHT', 'fortyfour', 'nsubuga_house_prefect', ''),
(779, 'FIFTYEIGHT', 'fortynine', 'george_house_prefect', ''),
(780, 'FIFTYEIGHT', 'fiftyone', 'armitage_house_prefect', ''),
(781, 'FIFTYEIGHT', 'onehundredforty', 'education_minister', ''),
(782, 'FIFTYEIGHT', 'fiftysix', 'protocol_prefect', ''),
(783, 'FIFTYEIGHT', 'onehundredfortythree', 'time_keeper', ''),
(784, 'FIFTYEIGHT', 'fiftyseven', 'chapel_prefect', ''),
(785, 'FIFTYEIGHT', 'sixtyone', 'clubs_prefect', ''),
(786, 'FIFTYEIGHT', 'sixtyfour', 'mess_minister', ''),
(787, 'FIFTYEIGHT', 'sixtysix', 'entertainment_minister', ''),
(788, 'FIFTYEIGHT', 'onehundredfifty', 'sempa_house_prefect', ''),
(789, 'FIFTYEIGHT', '', 'submited', ''),
(790, 'SIXTYNINE', 'forty', 'head_prefect', ''),
(791, 'SIXTYNINE', 'sixtynine', 'nsubuga_house_prefect', ''),
(792, 'SIXTYNINE', 'fortysix', 'george_house_prefect', ''),
(793, 'SIXTYNINE', 'fiftyone', 'armitage_house_prefect', ''),
(794, 'SIXTYNINE', 'onehundredforty', 'education_minister', ''),
(795, 'SIXTYNINE', 'fiftyfive', 'protocol_prefect', ''),
(796, 'SIXTYNINE', 'fiftyseven', 'chapel_prefect', ''),
(797, 'SIXTYNINE', 'sixtytwo', 'clubs_prefect', ''),
(798, 'SIXTYNINE', 'sixtythree', 'mess_minister', ''),
(799, 'SIXTYNINE', 'sixtysix', 'entertainment_minister', ''),
(800, 'SIXTYNINE', 'sixtyeight', 'sempa_house_prefect', ''),
(801, 'SIXTYNINE', '', 'submited', ''),
(802, 'SEVENTY', 'forty', 'head_prefect', ''),
(803, 'SEVENTY', 'fortyfour', 'nsubuga_house_prefect', ''),
(804, 'SEVENTY', 'fortyseven', 'george_house_prefect', ''),
(805, 'SEVENTY', 'fiftyone', 'armitage_house_prefect', ''),
(806, 'SEVENTY', 'fiftyfour', 'education_minister', ''),
(807, 'SEVENTY', 'onehundredfortyone', 'protocol_prefect', ''),
(808, 'SEVENTY', 'onehundredfortytwo', 'time_keeper', ''),
(809, 'SEVENTY', 'fiftyseven', 'chapel_prefect', ''),
(810, 'SEVENTY', 'sixty', 'clubs_prefect', ''),
(811, 'SEVENTY', 'sixtythree', 'mess_minister', ''),
(812, 'SEVENTY', 'onehundredfortyseven', 'entertainment_minister', ''),
(813, 'SEVENTY', 'onehundredfifty', 'sempa_house_prefect', ''),
(814, 'SEVENTY', '', 'submited', ''),
(815, 'SEVENTYONE', 'fortytwo', 'head_prefect', ''),
(816, 'SEVENTYONE', 'fortyfive', 'nsubuga_house_prefect', ''),
(817, 'SEVENTYONE', 'fortyseven', 'george_house_prefect', ''),
(818, 'SEVENTYONE', 'fifty', 'armitage_house_prefect', ''),
(819, 'SEVENTYONE', 'onehundredforty', 'education_minister', ''),
(820, 'SEVENTYONE', 'onehundredfortyone', 'protocol_prefect', ''),
(821, 'SEVENTYONE', 'fiftynine', 'time_keeper', ''),
(822, 'SEVENTYONE', 'fiftyseven', 'chapel_prefect', ''),
(823, 'SEVENTYONE', 'sixtytwo', 'clubs_prefect', ''),
(824, 'SEVENTYONE', 'sixtyfive', 'mess_minister', ''),
(825, 'SEVENTYONE', 'onehundredfortyeight', 'entertainment_minister', ''),
(826, 'SEVENTYONE', 'onehundredfifty', 'sempa_house_prefect', ''),
(827, 'SEVENTYONE', '', 'submited', ''),
(828, 'SEVENTYFOUR', 'fortyone', 'head_prefect', ''),
(829, 'SEVENTYFOUR', 'sixtynine', 'nsubuga_house_prefect', ''),
(830, 'SEVENTYFOUR', 'fortysix', 'george_house_prefect', ''),
(831, 'SEVENTYFOUR', 'onehundredforty', 'education_minister', ''),
(832, 'SEVENTYFOUR', 'fiftyfive', 'protocol_prefect', ''),
(833, 'SEVENTYFOUR', 'onehundredfortyfour', 'time_keeper', ''),
(834, 'SEVENTYFOUR', 'onehundredfortysix', 'chapel_prefect', ''),
(835, 'SEVENTYFOUR', 'sixtytwo', 'clubs_prefect', ''),
(836, 'SEVENTYFOUR', 'sixtyfour', 'mess_minister', ''),
(837, 'SEVENTYFOUR', 'sixtysix', 'entertainment_minister', ''),
(838, 'SEVENTYFOUR', 'onehundredfortynine', 'sempa_house_prefect', ''),
(839, 'SEVENTYFOUR', '', 'submited', ''),
(840, 'SIXTYEIGHT', 'fortyone', 'head_prefect', ''),
(841, 'SIXTYEIGHT', 'fortyfive', 'nsubuga_house_prefect', ''),
(842, 'SIXTYEIGHT', 'fortyseven', 'george_house_prefect', ''),
(843, 'SIXTYEIGHT', 'fiftyone', 'armitage_house_prefect', ''),
(844, 'SIXTYEIGHT', 'onehundredforty', 'education_minister', ''),
(845, 'SIXTYEIGHT', 'fiftysix', 'protocol_prefect', ''),
(846, 'SIXTYEIGHT', 'fiftynine', 'time_keeper', ''),
(847, 'SIXTYEIGHT', 'fiftyeight', 'chapel_prefect', ''),
(848, 'SIXTYEIGHT', 'sixtyone', 'clubs_prefect', ''),
(849, 'SIXTYEIGHT', 'sixtyfour', 'mess_minister', ''),
(850, 'SIXTYEIGHT', 'sixtysix', 'entertainment_minister', ''),
(851, 'SIXTYEIGHT', 'onehundredfortynine', 'sempa_house_prefect', ''),
(852, 'SIXTYEIGHT', '', 'submited', ''),
(853, 'SEVENTYSEVEN', 'fortytwo', 'head_prefect', ''),
(854, 'SEVENTYSEVEN', 'fortyfour', 'nsubuga_house_prefect', ''),
(855, 'SEVENTYSEVEN', 'fortyeight', 'george_house_prefect', ''),
(856, 'SEVENTYSEVEN', 'fiftyone', 'armitage_house_prefect', ''),
(857, 'SEVENTYSEVEN', 'fiftyfour', 'education_minister', ''),
(858, 'SEVENTYSEVEN', 'onehundredfortyone', 'protocol_prefect', ''),
(859, 'SEVENTYSEVEN', 'onehundredfortytwo', 'time_keeper', ''),
(860, 'SEVENTYSEVEN', 'fiftyseven', 'chapel_prefect', ''),
(861, 'SEVENTYSEVEN', 'sixtyone', 'clubs_prefect', ''),
(862, 'SEVENTYSEVEN', 'sixtythree', 'mess_minister', ''),
(863, 'SEVENTYSEVEN', 'sixtysix', 'entertainment_minister', ''),
(864, 'SEVENTYSEVEN', 'sixtyeight', 'sempa_house_prefect', ''),
(865, 'SEVENTYSEVEN', '', 'submited', ''),
(866, 'SIXTYSIX', 'fortyone', 'head_prefect', ''),
(867, 'SIXTYSIX', 'fortyfour', 'nsubuga_house_prefect', ''),
(868, 'SIXTYSIX', 'fortyeight', 'george_house_prefect', ''),
(869, 'SIXTYSIX', 'fiftyone', 'armitage_house_prefect', ''),
(870, 'SIXTYSIX', 'fiftyfive', 'protocol_prefect', ''),
(871, 'SIXTYSIX', 'fiftynine', 'time_keeper', ''),
(872, 'SIXTYSIX', 'onehundredfortyfive', 'chapel_prefect', ''),
(873, 'SIXTYSIX', 'sixtyone', 'clubs_prefect', ''),
(874, 'SIXTYSIX', 'sixtyfour', 'mess_minister', ''),
(875, 'SIXTYSIX', 'onehundredfortyeight', 'entertainment_minister', ''),
(876, 'SIXTYSIX', 'onehundredfortynine', 'sempa_house_prefect', ''),
(877, 'SIXTYSIX', '', 'submited', ''),
(878, 'SIXTYFOUR', 'fortythree', 'head_prefect', ''),
(879, 'SIXTYFOUR', 'fortyfour', 'nsubuga_house_prefect', ''),
(880, 'SIXTYFOUR', 'fortyeight', 'george_house_prefect', ''),
(881, 'SIXTYFOUR', 'fiftyone', 'armitage_house_prefect', ''),
(882, 'SIXTYFOUR', 'onehundredforty', 'education_minister', ''),
(883, 'SIXTYFOUR', 'fiftysix', 'protocol_prefect', ''),
(884, 'SIXTYFOUR', 'onehundredfortytwo', 'time_keeper', ''),
(885, 'SIXTYFOUR', 'fiftyseven', 'chapel_prefect', ''),
(886, 'SIXTYFOUR', 'sixtyone', 'clubs_prefect', ''),
(887, 'SIXTYFOUR', 'sixtyfour', 'mess_minister', ''),
(888, 'SIXTYFOUR', 'sixtysix', 'entertainment_minister', ''),
(889, 'SIXTYFOUR', 'sixtyeight', 'sempa_house_prefect', ''),
(890, 'SIXTYFOUR', '', 'submited', ''),
(891, 'SEVENTYTWO', 'fortythree', 'head_prefect', ''),
(892, 'SEVENTYTWO', 'fortyfour', 'nsubuga_house_prefect', ''),
(893, 'SEVENTYTWO', 'fortyseven', 'george_house_prefect', ''),
(894, 'SEVENTYTWO', 'fifty', 'armitage_house_prefect', ''),
(895, 'SEVENTYTWO', 'onehundredforty', 'education_minister', ''),
(896, 'SEVENTYTWO', 'onehundredfortyone', 'protocol_prefect', ''),
(897, 'SEVENTYTWO', 'onehundredfortyfour', 'time_keeper', ''),
(898, 'SEVENTYTWO', 'onehundredfortyfive', 'chapel_prefect', ''),
(899, 'SEVENTYTWO', 'sixty', 'clubs_prefect', ''),
(900, 'SEVENTYTWO', 'sixtyfour', 'mess_minister', ''),
(901, 'SEVENTYTWO', 'sixtyseven', 'entertainment_minister', ''),
(902, 'SEVENTYTWO', 'onehundredfifty', 'sempa_house_prefect', ''),
(903, 'SEVENTYTWO', '', 'submited', ''),
(904, 'SIXTYFIVE', 'forty', 'head_prefect', ''),
(905, 'SIXTYFIVE', 'sixtynine', 'nsubuga_house_prefect', ''),
(906, 'SIXTYFIVE', 'fortyeight', 'george_house_prefect', ''),
(907, 'SIXTYFIVE', 'fiftyone', 'armitage_house_prefect', ''),
(908, 'SIXTYFIVE', 'fiftyfour', 'education_minister', ''),
(909, 'SIXTYFIVE', 'fiftyfive', 'protocol_prefect', ''),
(910, 'SIXTYFIVE', 'fiftynine', 'time_keeper', ''),
(911, 'SIXTYFIVE', 'fiftyeight', 'chapel_prefect', ''),
(912, 'SIXTYFIVE', 'sixtytwo', 'clubs_prefect', ''),
(913, 'SIXTYFIVE', 'sixtyfive', 'mess_minister', '');
INSERT INTO `counts` (`id`, `voter_id`, `cand_id`, `position`, `rank`) VALUES
(914, 'SIXTYFIVE', 'sixtyseven', 'entertainment_minister', ''),
(915, 'SIXTYFIVE', 'onehundredfifty', 'sempa_house_prefect', ''),
(916, 'SIXTYFIVE', '', 'submited', ''),
(917, 'SEVENTYSIX', 'fortyone', 'head_prefect', ''),
(918, 'SEVENTYSIX', 'fortyfour', 'nsubuga_house_prefect', ''),
(919, 'SEVENTYSIX', 'fortynine', 'george_house_prefect', ''),
(920, 'SEVENTYSIX', 'fifty', 'armitage_house_prefect', ''),
(921, 'SEVENTYSIX', 'onehundredforty', 'education_minister', ''),
(922, 'SEVENTYSIX', 'fiftysix', 'protocol_prefect', ''),
(923, 'SEVENTYSIX', 'onehundredfortytwo', 'time_keeper', ''),
(924, 'SEVENTYSIX', 'fiftyseven', 'chapel_prefect', ''),
(925, 'SEVENTYSIX', 'sixtyone', 'clubs_prefect', ''),
(926, 'SEVENTYSIX', 'sixtyfour', 'mess_minister', ''),
(927, 'SEVENTYSIX', 'onehundredfortyseven', 'entertainment_minister', ''),
(928, 'SEVENTYSIX', 'onehundredfortynine', 'sempa_house_prefect', ''),
(929, 'SEVENTYSIX', '', 'submited', ''),
(930, 'SEVENTYEIGHT', 'forty', 'head_prefect', ''),
(931, 'SEVENTYEIGHT', 'fortyfour', 'nsubuga_house_prefect', ''),
(932, 'SEVENTYEIGHT', 'fortyeight', 'george_house_prefect', ''),
(933, 'SEVENTYEIGHT', 'fiftyone', 'armitage_house_prefect', ''),
(934, 'SEVENTYEIGHT', 'onehundredforty', 'education_minister', ''),
(935, 'SEVENTYEIGHT', 'fiftysix', 'protocol_prefect', ''),
(936, 'SEVENTYEIGHT', 'onehundredfortytwo', 'time_keeper', ''),
(937, 'SEVENTYEIGHT', 'fiftyeight', 'chapel_prefect', ''),
(938, 'SEVENTYEIGHT', 'sixtyone', 'clubs_prefect', ''),
(939, 'SEVENTYEIGHT', 'sixtyfour', 'mess_minister', ''),
(940, 'SEVENTYEIGHT', 'onehundredfortyeight', 'entertainment_minister', ''),
(941, 'SEVENTYEIGHT', 'onehundredfortynine', 'sempa_house_prefect', ''),
(942, 'SEVENTYEIGHT', '', 'submited', ''),
(943, 'NINETY', 'fortyone', 'head_prefect', ''),
(944, 'NINETY', 'fortyfive', 'nsubuga_house_prefect', ''),
(945, 'NINETY', 'fortyseven', 'george_house_prefect', ''),
(946, 'NINETY', 'fifty', 'armitage_house_prefect', ''),
(947, 'NINETY', 'onehundredforty', 'education_minister', ''),
(948, 'NINETY', 'fiftysix', 'protocol_prefect', ''),
(949, 'NINETY', 'fiftynine', 'time_keeper', ''),
(950, 'NINETY', 'onehundredfortysix', 'chapel_prefect', ''),
(951, 'NINETY', 'sixtyone', 'clubs_prefect', ''),
(952, 'NINETY', 'sixtythree', 'mess_minister', ''),
(953, 'NINETY', 'onehundredfortyeight', 'entertainment_minister', ''),
(954, 'NINETY', 'onehundredfortynine', 'sempa_house_prefect', ''),
(955, 'NINETY', '', 'submited', ''),
(956, 'EIGHTYSEVEN', 'fortyone', 'head_prefect', ''),
(957, 'EIGHTYSEVEN', 'fortyfive', 'nsubuga_house_prefect', ''),
(958, 'EIGHTYSEVEN', 'fortynine', 'george_house_prefect', ''),
(959, 'EIGHTYSEVEN', 'fifty', 'armitage_house_prefect', ''),
(960, 'EIGHTYSEVEN', 'fiftyfour', 'education_minister', ''),
(961, 'EIGHTYSEVEN', 'fiftyfive', 'protocol_prefect', ''),
(962, 'EIGHTYSEVEN', 'fiftynine', 'time_keeper', ''),
(963, 'EIGHTYSEVEN', 'fiftyseven', 'chapel_prefect', ''),
(964, 'EIGHTYSEVEN', 'sixtyone', 'clubs_prefect', ''),
(965, 'EIGHTYSEVEN', 'sixtythree', 'mess_minister', ''),
(966, 'EIGHTYSEVEN', 'onehundredfortyseven', 'entertainment_minister', ''),
(967, 'EIGHTYSEVEN', 'onehundredfortynine', 'sempa_house_prefect', ''),
(968, 'EIGHTYSEVEN', '', 'submited', ''),
(969, 'EIGHTY', 'fortytwo', 'head_prefect', ''),
(970, 'EIGHTY', 'sixtynine', 'nsubuga_house_prefect', ''),
(971, 'EIGHTY', 'fifty', 'armitage_house_prefect', ''),
(972, 'EIGHTY', 'onehundredforty', 'education_minister', ''),
(973, 'EIGHTY', 'fiftysix', 'protocol_prefect', ''),
(974, 'EIGHTY', 'onehundredfortytwo', 'time_keeper', ''),
(975, 'EIGHTY', 'onehundredfortyfive', 'chapel_prefect', ''),
(976, 'EIGHTY', 'sixtyone', 'clubs_prefect', ''),
(977, 'EIGHTY', 'sixtyfour', 'mess_minister', ''),
(978, 'EIGHTY', 'onehundredfortyeight', 'entertainment_minister', ''),
(979, 'EIGHTY', 'sixtyeight', 'sempa_house_prefect', ''),
(980, 'EIGHTY', '', 'submited', ''),
(981, 'EIGHTYEIGHT', 'fortyone', 'head_prefect', ''),
(982, 'EIGHTYEIGHT', 'fortyfour', 'nsubuga_house_prefect', ''),
(983, 'EIGHTYEIGHT', 'fortyeight', 'george_house_prefect', ''),
(984, 'EIGHTYEIGHT', 'fifty', 'armitage_house_prefect', ''),
(985, 'EIGHTYEIGHT', 'onehundredforty', 'education_minister', ''),
(986, 'EIGHTYEIGHT', 'fiftysix', 'protocol_prefect', ''),
(987, 'EIGHTYEIGHT', 'onehundredfortytwo', 'time_keeper', ''),
(988, 'EIGHTYEIGHT', 'fiftyeight', 'chapel_prefect', ''),
(989, 'EIGHTYEIGHT', 'sixtyone', 'clubs_prefect', ''),
(990, 'EIGHTYEIGHT', 'sixtyfour', 'mess_minister', ''),
(991, 'EIGHTYEIGHT', 'onehundredfortyeight', 'entertainment_minister', ''),
(992, 'EIGHTYEIGHT', 'onehundredfifty', 'sempa_house_prefect', ''),
(993, 'EIGHTYEIGHT', '', 'submited', ''),
(994, 'EIGHTYTHREE', 'fortyone', 'head_prefect', ''),
(995, 'EIGHTYTHREE', 'fortyfive', 'nsubuga_house_prefect', ''),
(996, 'EIGHTYTHREE', 'fortynine', 'george_house_prefect', ''),
(997, 'EIGHTYTHREE', 'fiftyone', 'armitage_house_prefect', ''),
(998, 'EIGHTYTHREE', 'fiftythree', 'education_minister', ''),
(999, 'EIGHTYTHREE', 'onehundredfortyone', 'protocol_prefect', ''),
(1000, 'EIGHTYTHREE', 'onehundredfortyfour', 'time_keeper', ''),
(1001, 'EIGHTYTHREE', 'onehundredfortysix', 'chapel_prefect', ''),
(1002, 'EIGHTYTHREE', 'sixtyone', 'clubs_prefect', ''),
(1003, 'EIGHTYTHREE', 'sixtyfour', 'mess_minister', ''),
(1004, 'EIGHTYTHREE', 'onehundredfortyseven', 'entertainment_minister', ''),
(1005, 'EIGHTYTHREE', 'onehundredfortynine', 'sempa_house_prefect', ''),
(1006, 'EIGHTYTHREE', '', 'submited', ''),
(1007, 'NINETYONE', 'forty', 'head_prefect', ''),
(1008, 'NINETYONE', 'fortyfour', 'nsubuga_house_prefect', ''),
(1009, 'NINETYONE', 'fortysix', 'george_house_prefect', ''),
(1010, 'NINETYONE', 'fifty', 'armitage_house_prefect', ''),
(1011, 'NINETYONE', 'onehundredforty', 'education_minister', ''),
(1012, 'NINETYONE', 'fiftyfive', 'protocol_prefect', ''),
(1013, 'NINETYONE', 'onehundredfortythree', 'time_keeper', ''),
(1014, 'NINETYONE', 'fiftyeight', 'chapel_prefect', ''),
(1015, 'NINETYONE', 'sixtytwo', 'clubs_prefect', ''),
(1016, 'NINETYONE', 'sixtyfour', 'mess_minister', ''),
(1017, 'NINETYONE', 'sixtysix', 'entertainment_minister', ''),
(1018, 'NINETYONE', 'onehundredfortynine', 'sempa_house_prefect', ''),
(1019, 'NINETYONE', '', 'submited', ''),
(1020, 'EIGHTYFOUR', 'forty', 'head_prefect', ''),
(1021, 'EIGHTYFOUR', 'fortyfour', 'nsubuga_house_prefect', ''),
(1022, 'EIGHTYFOUR', 'fortysix', 'george_house_prefect', ''),
(1023, 'EIGHTYFOUR', 'fiftyone', 'armitage_house_prefect', ''),
(1024, 'EIGHTYFOUR', 'fiftythree', 'education_minister', ''),
(1025, 'EIGHTYFOUR', 'fiftyfive', 'protocol_prefect', ''),
(1026, 'EIGHTYFOUR', 'onehundredfortyfour', 'time_keeper', ''),
(1027, 'EIGHTYFOUR', 'onehundredfortysix', 'chapel_prefect', ''),
(1028, 'EIGHTYFOUR', 'sixty', 'clubs_prefect', ''),
(1029, 'EIGHTYFOUR', 'sixtyfour', 'mess_minister', ''),
(1030, 'EIGHTYFOUR', 'sixtyseven', 'entertainment_minister', ''),
(1031, 'EIGHTYFOUR', 'onehundredfifty', 'sempa_house_prefect', ''),
(1032, 'EIGHTYFOUR', '', 'submited', ''),
(1033, 'EIGHTYFIVE', 'fortythree', 'head_prefect', ''),
(1034, 'EIGHTYFIVE', 'fortynine', 'george_house_prefect', ''),
(1035, 'EIGHTYFIVE', 'onehundredforty', 'education_minister', ''),
(1036, 'EIGHTYFIVE', 'fiftysix', 'protocol_prefect', ''),
(1037, 'EIGHTYFIVE', 'onehundredfortyfour', 'time_keeper', ''),
(1038, 'EIGHTYFIVE', 'onehundredfortyfive', 'chapel_prefect', ''),
(1039, 'EIGHTYFIVE', 'sixtyone', 'clubs_prefect', ''),
(1040, 'EIGHTYFIVE', 'sixtythree', 'mess_minister', ''),
(1041, 'EIGHTYFIVE', 'sixtyseven', 'entertainment_minister', ''),
(1042, 'EIGHTYFIVE', 'sixtyeight', 'sempa_house_prefect', ''),
(1043, 'EIGHTYFIVE', '', 'submited', ''),
(1044, 'EIGHTYTWO', 'fortyone', 'head_prefect', ''),
(1045, 'EIGHTYTWO', 'fortyfour', 'nsubuga_house_prefect', ''),
(1046, 'EIGHTYTWO', 'fortyseven', 'george_house_prefect', ''),
(1047, 'EIGHTYTWO', 'fiftytwo', 'armitage_house_prefect', ''),
(1048, 'EIGHTYTWO', 'fiftyfour', 'education_minister', ''),
(1049, 'EIGHTYTWO', 'fiftyfive', 'protocol_prefect', ''),
(1050, 'EIGHTYTWO', 'onehundredfortyfour', 'time_keeper', ''),
(1051, 'EIGHTYTWO', 'fiftyseven', 'chapel_prefect', ''),
(1052, 'EIGHTYTWO', 'sixtytwo', 'clubs_prefect', ''),
(1053, 'EIGHTYTWO', 'sixtythree', 'mess_minister', ''),
(1054, 'EIGHTYTWO', 'onehundredfortyeight', 'entertainment_minister', ''),
(1055, 'EIGHTYTWO', 'onehundredfifty', 'sempa_house_prefect', ''),
(1056, 'EIGHTYTWO', '', 'submited', ''),
(1057, 'SEVENTYNINE', 'fortythree', 'head_prefect', ''),
(1058, 'SEVENTYNINE', 'fortyfour', 'nsubuga_house_prefect', ''),
(1059, 'SEVENTYNINE', 'fortynine', 'george_house_prefect', ''),
(1060, 'SEVENTYNINE', 'fiftyone', 'armitage_house_prefect', ''),
(1061, 'SEVENTYNINE', 'fiftyfour', 'education_minister', ''),
(1062, 'SEVENTYNINE', 'fiftyfive', 'protocol_prefect', ''),
(1063, 'SEVENTYNINE', 'onehundredfortytwo', 'time_keeper', ''),
(1064, 'SEVENTYNINE', 'onehundredfortysix', 'chapel_prefect', ''),
(1065, 'SEVENTYNINE', 'sixty', 'clubs_prefect', ''),
(1066, 'SEVENTYNINE', 'sixtyseven', 'entertainment_minister', ''),
(1067, 'SEVENTYNINE', 'sixtyeight', 'sempa_house_prefect', ''),
(1068, 'SEVENTYNINE', '', 'submited', ''),
(1069, 'EIGHTYONE', 'fortyeight', 'george_house_prefect', ''),
(1070, 'EIGHTYONE', 'fifty', 'armitage_house_prefect', ''),
(1071, 'EIGHTYONE', 'fiftythree', 'education_minister', ''),
(1072, 'EIGHTYONE', 'fiftysix', 'protocol_prefect', ''),
(1073, 'EIGHTYONE', 'fiftynine', 'time_keeper', ''),
(1074, 'EIGHTYONE', 'fiftyeight', 'chapel_prefect', ''),
(1075, 'EIGHTYONE', 'sixtyone', 'clubs_prefect', ''),
(1076, 'EIGHTYONE', 'sixtyfour', 'mess_minister', ''),
(1077, 'EIGHTYONE', 'onehundredfortyseven', 'entertainment_minister', ''),
(1078, 'EIGHTYONE', 'onehundredfifty', 'sempa_house_prefect', ''),
(1079, 'EIGHTYONE', '', 'submited', '');

-- --------------------------------------------------------

--
-- Table structure for table `positions`
--

CREATE TABLE `positions` (
  `id` int(11) NOT NULL,
  `position` varchar(30) NOT NULL,
  `priority` varchar(55) NOT NULL
) ENGINE=InnoDB DEFAULT CHARSET=latin1;

--
-- Dumping data for table `positions`
--

INSERT INTO `positions` (`id`, `position`, `priority`) VALUES
(7, 'Head Prefect', '1'),
(8, 'Education Minister', '2'),
(9, 'Protocol Prefect', '3'),
(10, 'Time Keeper', '4'),
(11, 'Chapel Prefect', '5'),
(12, 'Clubs Prefect', '6'),
(13, 'mess minister', '7'),
(14, 'entertainment minister', '8'),
(15, 'sempa house prefect', '9'),
(16, 'nsubuga house prefect', '10'),
(17, 'george house prefect', '11'),
(18, 'armitage house prefect', '12');

-- --------------------------------------------------------

--
-- Table structure for table `users`
--

CREATE TABLE `users` (
  `voter_id` varchar(20) NOT NULL,
  `username` varchar(20) NOT NULL,
  `password` varchar(20) NOT NULL,
  `rank` varchar(111) NOT NULL
) ENGINE=InnoDB DEFAULT CHARSET=latin1;

--
-- Dumping data for table `users`
--

INSERT INTO `users` (`voter_id`, `username`, `password`, `rank`) VALUES
('EIGHT', 'eight', 'eight', '0'),
('EIGHTEEN', 'eighteen', 'eighteen', '0'),
('EIGHTY', 'eighty', 'eighty', '0'),
('EIGHTYEIGHT', 'eightyeight', 'eightyeight', '0'),
('EIGHTYFIVE', 'eightyfive', 'eightyfive', '0'),
('EIGHTYFOUR', 'eightyfour', 'eightyfour', '0'),
('EIGHTYNINE', 'eightynine', 'eightynine', '0'),
('EIGHTYONE', 'eightyone', 'eightyone', '0'),
('EIGHTYSEVEN', 'eightyseven', 'eightyseven', '0'),
('EIGHTYSIX', 'eightysix', 'eightysix', '0'),
('EIGHTYTHREE', 'eightythree', 'eightythree', '0'),
('EIGHTYTWO', 'eightytwo', 'eightytwo', '0'),
('ELEVEN', 'eleven', 'eleven', '0'),
('FIFTEEN', 'fifteen', 'fifteen', '0'),
('FIFTY', 'fifty', 'fifty', '1'),
('FIFTYEIGHT', 'fiftyeight', 'fiftyeight', '1'),
('FIFTYFIVE', 'fiftyfive', 'fiftyfive', '1'),
('FIFTYFOUR', 'fiftyfour', 'fiftyfour', '1'),
('FIFTYNINE', 'fiftynine', 'fiftynine', '1'),
('FIFTYONE', 'fiftyone', 'fiftyone', '1'),
('FIFTYSEVEN', 'fiftyseven', 'fiftyseven', '1'),
('FIFTYSIX', 'fiftysix', 'fiftysix', '1'),
('FIFTYTHREE', 'fiftythree', 'fiftythree', '1'),
('FIFTYTWO', 'fiftytwo', 'fiftytwo', '1'),
('FIVE', 'five', 'five', '0'),
('FORTY', 'forty', 'forty', '1'),
('FORTYEIGHT', 'fortyeight', 'fortyeight', '1'),
('FORTYFIVE', 'fortyfive', 'fortyfive', '1'),
('FORTYFOUR', 'fortyfour', 'fortyfour', '1'),
('FORTYNINE', 'fortynine', 'fortynine', '1'),
('FORTYONE', 'fortyone', 'fortyone', '1'),
('FORTYSEVEN', 'fortyseven', 'fortyseven', '1'),
('FORTYSIX', 'fortysix', 'fortysix', '1'),
('FORTYTHREE', 'fortythree', 'fortythree', '1'),
('FORTYTWO', 'fortytwo', 'fortytwo', '1'),
('FOUR', 'four', 'four', '0'),
('FOURTEEN', 'fourteen', 'fourteen', '0'),
('NINE', 'nine', 'nine', '0'),
('NINETEEN', 'nineteen', 'nineteen', '0'),
('NINETY', 'ninety', 'ninety', '0'),
('NINETYEIGHT', 'ninetyeight', 'ninetyeight', '0'),
('NINETYFIVE', 'ninetyfive', 'ninetyfive', '0'),
('NINETYFOUR', 'ninetyfour', 'ninetyfour', '0'),
('NINETYNINE', 'ninetynine', 'ninetynine', '0'),
('NINETYONE', 'ninetyone', 'ninetyone', '0'),
('NINETYSEVEN', 'ninetyseven', 'ninetyseven', '0'),
('NINETYSIX', 'ninetysix', 'ninetysix', '0'),
('NINETYTHREE', 'ninetythree', 'ninetythree', '0'),
('NINETYTWO', 'ninetytwo', 'ninetytwo', '0'),
('ONE', 'one', 'one', '0'),
('ONEHUNDREDEIGHT', 'onehundredeight', 'onehundredeight', '0'),
('ONEHUNDREDEIGHTEEN', 'onehundredeighteen', 'onehundredeighteen', '0'),
('ONEHUNDREDELEVEN', 'onehundredeleven', 'onehundredeleven', '0'),
('ONEHUNDREDFIFTEEN', 'onehundredfifteen', 'onehundredfifteen', '0'),
('ONEHUNDREDFIFTY', 'onehundredfifty', 'onehundredfifty', '1'),
('ONEHUNDREDFIVE', 'onehundredfive', 'onehundredfive', '0'),
('ONEHUNDREDFORTY', 'onehundredforty', 'onehundredforty', '1'),
('ONEHUNDREDFORTYEIGHT', 'onehundredfortyeight', 'onehundredfortyeight', '1'),
('ONEHUNDREDFORTYFIVE', 'onehundredfortyfive', 'onehundredfortyfive', '1'),
('ONEHUNDREDFORTYFOUR', 'onehundredfortyfour', 'onehundredfortyfour', '1'),
('ONEHUNDREDFORTYNINE', 'onehundredfortynine', 'onehundredfortynine', '1'),
('ONEHUNDREDFORTYONE', 'onehundredfortyone', 'onehundredfortyone', '1'),
('ONEHUNDREDFORTYSEVEN', 'onehundredfortyseven', 'onehundredfortyseven', '1'),
('ONEHUNDREDFORTYSIX', 'onehundredfortysix', 'onehundredfortysix', '1'),
('ONEHUNDREDFORTYTHREE', 'onehundredfortythree', 'onehundredfortythree', '1'),
('ONEHUNDREDFORTYTWO', 'onehundredfortytwo', 'onehundredfortytwo', '1'),
('ONEHUNDREDFOUR', 'onehundredfour', 'onehundredfour', '0'),
('ONEHUNDREDFOURTEEN', 'onehundredfourteen', 'onehundredfourteen', '0'),
('ONEHUNDREDNINE', 'onehundrednine', 'onehundrednine', '0'),
('ONEHUNDREDNINETEEN', 'onehundrednineteen', 'onehundrednineteen', '0'),
('ONEHUNDREDONE', 'onehundredone', 'onehundredone', '0'),
('ONEHUNDREDSEVEN', 'onehundredseven', 'onehundredseven', '0'),
('ONEHUNDREDSEVENTEEN', 'onehundredseventeen', 'onehundredseventeen', '0'),
('ONEHUNDREDSIX', 'onehundredsix', 'onehundredsix', '0'),
('ONEHUNDREDSIXTEEN', 'onehundredsixteen', 'onehundredsixteen', '0'),
('ONEHUNDREDTEN', 'onehundredten', 'onehundredten', '0'),
('ONEHUNDREDTHIRTEEN', 'onehundredthirteen', 'onehundredthirteen', '0'),
('ONEHUNDREDTHIRTY', 'onehundredthirty', 'onehundredthirty', '0'),
('ONEHUNDREDTHIRTYEIGH', 'onehundredthirtyeigh', 'onehundredthirtyeigh', '0'),
('ONEHUNDREDTHIRTYFIVE', 'onehundredthirtyfive', 'onehundredthirtyfive', '0'),
('ONEHUNDREDTHIRTYFOUR', 'onehundredthirtyfour', 'onehundredthirtyfour', '0'),
('ONEHUNDREDTHIRTYNINE', 'onehundredthirtynine', 'onehundredthirtynine', '0'),
('ONEHUNDREDTHIRTYONE', 'onehundredthirtyone', 'onehundredthirtyone', '0'),
('ONEHUNDREDTHIRTYSEVE', 'onehundredthirtyseve', 'onehundredthirtyseve', '0'),
('ONEHUNDREDTHIRTYSIX', 'onehundredthirtysix', 'onehundredthirtysix', '0'),
('ONEHUNDREDTHIRTYTHRE', 'onehundredthirtythre', 'onehundredthirtythre', '0'),
('ONEHUNDREDTHIRTYTWO', 'onehundredthirtytwo', 'onehundredthirtytwo', '0'),
('ONEHUNDREDTHREE', 'onehundredthree', 'onehundredthree', '0'),
('ONEHUNDREDTWELVE', 'onehundredtwelve', 'onehundredtwelve', '0'),
('ONEHUNDREDTWENTY', 'onehundredtwenty', 'onehundredtwenty', '0'),
('ONEHUNDREDTWENTYEIGH', 'onehundredtwentyeigh', 'onehundredtwentyeigh', '0'),
('ONEHUNDREDTWENTYFIVE', 'onehundredtwentyfive', 'onehundredtwentyfive', '0'),
('ONEHUNDREDTWENTYFOUR', 'onehundredtwentyfour', 'onehundredtwentyfour', '0'),
('ONEHUNDREDTWENTYNINE', 'onehundredtwentynine', 'onehundredtwentynine', '0'),
('ONEHUNDREDTWENTYONE', 'onehundredtwentyone', 'onehundredtwentyone', '0'),
('ONEHUNDREDTWENTYSEVE', 'onehundredtwentyseve', 'onehundredtwentyseve', '0'),
('ONEHUNDREDTWENTYSIX', 'onehundredtwentysix', 'onehundredtwentysix', '0'),
('ONEHUNDREDTWENTYTHRE', 'onehundredtwentythre', 'onehundredtwentythre', '0'),
('ONEHUNDREDTWENTYTWO', 'onehundredtwentytwo', 'onehundredtwentytwo', '0'),
('ONEHUNDREDTWO', 'onehundredtwo', 'onehundredtwo', '0'),
('ONEHUNDRERD', 'onehundrerd', 'onehundrerd', '0'),
('SEVEN', 'seven', 'seven', '0'),
('SEVENTEEN', 'seventeen', 'seventeen', '0'),
('SEVENTY', 'seventy', 'seventy', '0'),
('SEVENTYEIGHT', 'seventyeight', 'seventyeight', '0'),
('SEVENTYFIVE', 'seventyfive', 'seventyfive', '0'),
('SEVENTYFOUR', 'seventyfour', 'seventyfour', '0'),
('SEVENTYNINE', 'seventynine', 'seventynine', '0'),
('SEVENTYONE', 'seventyone', 'seventyone', '0'),
('SEVENTYSEVEN', 'seventyseven', 'seventyseven', '0'),
('SEVENTYSIX', 'seventysix', 'seventysix', '0'),
('SEVENTYTHREE', 'seventythree', 'seventythree', '0'),
('SEVENTYTWO', 'seventytwo', 'seventytwo', '0'),
('SIX', 'six', 'six', '0'),
('SIXTEEN', 'sixteen', 'sixteen', '0'),
('SIXTY', 'sixty', 'sixty', '1'),
('SIXTYEIGHT', 'sixtyeight', 'sixtyeight', '1'),
('SIXTYFIVE', 'sixtyfive', 'sixtyfive', '1'),
('SIXTYFOUR', 'sixtyfour', 'sixtyfour', '1'),
('SIXTYNINE', 'sixtynine', 'sixtynine', '1'),
('SIXTYONE', 'sixtyone', 'sixtyone', '1'),
('SIXTYSEVEN', 'sixtyseven', 'sixtyseven', '1'),
('SIXTYSIX', 'sixtysix', 'sixtysix', '1'),
('SIXTYTHREE', 'sixtythree', 'sixtythree', '1'),
('SIXTYTWO', 'sixtytwo', 'sixtytwo', '1'),
('TEN', 'ten', 'ten', '0'),
('TEWNTY', 'tewnty', 'tewnty', '0'),
('THIRTEEN', 'thirteen', 'thirteen', '0'),
('THIRTY', 'thirty', 'thirty', '0'),
('THIRTYEIGHT', 'thirtyeight', 'thirtyeight', '0'),
('THIRTYFIVE', 'thirtyfive', 'thirtyfive', '0'),
('THIRTYFOUR', 'thirtyfour', 'thirtyfour', '0'),
('THIRTYNINE', 'thirtynine', 'thirtynine', '0'),
('THIRTYONE', 'thirtyone', 'thirtyone', '0'),
('THIRTYSEVEN', 'thirtyseven', 'thirtyseven', '0'),
('THIRTYSIX', 'thirtysix', 'thirtysix', '0'),
('THIRTYTHREE', 'thirtythree', 'thirtythree', '0'),
('THIRTYTWO', 'thirtytwo', 'thirtytwo', '0'),
('THREE', 'three', 'three', '0'),
('TWELVE', 'twelve', 'twelve', '0'),
('TWENTYEIGHT', 'twentyeight', 'twentyeight', '0'),
('TWENTYFIVE', 'twentyfive', 'twentyfive', '0'),
('TWENTYFOUR', 'twentyfour', 'twentyfour', '0'),
('TWENTYNINE', 'twentynine', 'twentynine', '0'),
('TWENTYONE', 'twentyone', 'twentyone', '0'),
('TWENTYSIX', 'twentysix', 'twentysix', '0'),
('TWENTYTHREE', 'twentythree', 'twentythree', '0'),
('TWENTYTWO', 'twentytwo', 'twentytwo', '0'),
('TWO', 'two', 'two', '0');

-- --------------------------------------------------------

--
-- Table structure for table `voters`
--

CREATE TABLE `voters` (
  `voter_id` varchar(20) NOT NULL,
  `firstname` varchar(15) NOT NULL,
  `lastname` varchar(15) NOT NULL,
  `username` varchar(30) NOT NULL,
  `password` varchar(30) NOT NULL,
  `rank` varchar(222) NOT NULL,
  `photo` varchar(555) NOT NULL,
  `status` varchar(222) NOT NULL
) ENGINE=InnoDB DEFAULT CHARSET=latin1;

--
-- Dumping data for table `voters`
--

INSERT INTO `voters` (`voter_id`, `firstname`, `lastname`, `username`, `password`, `rank`, `photo`, `status`) VALUES
('EIGHT', 'eight', 'eight', 'eight', 'eight', '0', '', 'voted'),
('EIGHTEEN', 'eighteen', 'eighteen', 'eighteen', 'eighteen', '0', '', 'voted'),
('EIGHTY', 'eighty', 'eighty', 'eighty', 'eighty', '0', '', 'voted'),
('EIGHTYEIGHT', 'eightyeight', 'eightyeight', 'eightyeight', 'eightyeight', '0', '', 'voted'),
('EIGHTYFIVE', 'eightyfive', 'eightyfive', 'eightyfive', 'eightyfive', '0', '', 'voted'),
('EIGHTYFOUR', 'eightyfour', 'eightyfour', 'eightyfour', 'eightyfour', '0', '', 'voted'),
('EIGHTYNINE', 'eightynine', 'eightynine', 'eightynine', 'eightynine', '0', '', ''),
('EIGHTYONE', 'eightyone', 'eightyone', 'eightyone', 'eightyone', '0', '', 'voted'),
('EIGHTYSEVEN', 'eightyseven', 'eightyseven', 'eightyseven', 'eightyseven', '0', '', 'voted'),
('EIGHTYSIX', 'eightysix', 'eightysix', 'eightysix', 'eightysix', '0', '', ''),
('EIGHTYTHREE', 'eightythree', 'eightythree', 'eightythree', 'eightythree', '0', '', 'voted'),
('EIGHTYTWO', 'eightytwo', 'eightytwo', 'eightytwo', 'eightytwo', '0', '', 'voted'),
('ELEVEN', 'eleven', 'eleven', 'eleven', 'eleven', '0', '', 'voted'),
('FIFTEEN', 'fifteen', 'fifteen', 'fifteen', 'fifteen', '0', '', 'voted'),
('FIFTY', 'fifty', 'fifty', 'fifty', 'fifty', '1', '', 'voted'),
('FIFTYEIGHT', 'fiftyeight', 'fiftyeight', 'fiftyeight', 'fiftyeight', '1', '', 'voted'),
('FIFTYFIVE', 'fiftyfive', 'fiftyfive', 'fiftyfive', 'fiftyfive', '1', '', 'voted'),
('FIFTYFOUR', 'fiftyfour', 'fiftyfour', 'fiftyfour', 'fiftyfour', '1', '', ''),
('FIFTYNINE', 'fiftynine', 'fiftynine', 'fiftynine', 'fiftynine', '1', '', 'voted'),
('FIFTYONE', 'fiftyone', 'fiftyone', 'fiftyone', 'fiftyone', '1', '', 'voted'),
('FIFTYSEVEN', 'fiftyseven', 'fiftyseven', 'fiftyseven', 'fiftyseven', '1', '', 'voted'),
('FIFTYSIX', 'fiftysix', 'fiftysix', 'fiftysix', 'fiftysix', '1', '', 'voted'),
('FIFTYTHREE', 'fiftythree', 'fiftythree', 'fiftythree', 'fiftythree', '1', '', 'voted'),
('FIFTYTWO', 'fiftytwo', 'fiftytwo', 'fiftytwo', 'fiftytwo', '1', '', 'voted'),
('FIVE', 'five', 'five', 'five', 'five', '0', '', 'voted'),
('FORTY', 'forty', 'forty', 'forty', 'forty', '1', 'pexels-jot-singh-2179483.jpg', 'voted'),
('FORTYEIGHT', 'fortyeight', 'fortyeight', 'fortyeight', 'fortyeight', '1', '', 'voted'),
('FORTYFIVE', 'fortyfive', 'fortyfive', 'fortyfive', 'fortyfive', '1', 'Screenshot (1).png', 'voted'),
('FORTYFOUR', 'fortyfour', 'fortyfour', 'fortyfour', 'fortyfour', '1', '', ''),
('FORTYNINE', 'fortynine', 'fortynine', 'fortynine', 'fortynine', '1', '', 'voted'),
('FORTYONE', 'fortyone', 'fortyone', 'fortyone', 'fortyone', '1', 'pexels-emre-can-acer-2110951.jpg', 'voted'),
('FORTYSEVEN', 'fortyseven', 'fortyseven', 'fortyseven', 'fortyseven', '1', '', 'voted'),
('FORTYSIX', 'fortysix', 'fortysix', 'fortysix', 'fortysix', '1', '', 'voted'),
('FORTYTHREE', 'fortythree', 'fortythree', 'fortythree', 'fortythree', '1', 'pexels-vlada-karpovich-4050301.jpg', ''),
('FORTYTWO', 'fortytwo', 'fortytwo', 'fortytwo', 'fortytwo', '1', '', 'voted'),
('FOUR', 'four', 'four', 'four', 'four', '0', '', 'voted'),
('FOURTEEN', 'fourteen', 'fourteen', 'fourteen', 'fourteen', '0', '', 'voted'),
('NINE', 'nine', 'nine', 'nine', 'nine', '0', '', 'voted'),
('NINETEEN', 'nineteen', 'nineteen', 'nineteen', 'nineteen', '0', '', 'voted'),
('NINETY', 'ninety', 'ninety', 'ninety', 'ninety', '0', '', 'voted'),
('NINETYEIGHT', 'ninetyeight', 'ninetyeight', 'ninetyeight', 'ninetyeight', '0', '', ''),
('NINETYFIVE', 'ninetyfive', 'ninetyfive', 'ninetyfive', 'ninetyfive', '0', '', ''),
('NINETYFOUR', 'ninetyfour', 'ninetyfour', 'ninetyfour', 'ninetyfour', '0', '', ''),
('NINETYNINE', 'ninetynine', 'ninetynine', 'ninetynine', 'ninetynine', '0', '', ''),
('NINETYONE', 'ninetyone', 'ninetyone', 'ninetyone', 'ninetyone', '0', '', 'voted'),
('NINETYSEVEN', 'ninetyseven', 'ninetyseven', 'ninetyseven', 'ninetyseven', '0', '', ''),
('NINETYSIX', 'ninetysix', 'ninetysix', 'ninetysix', 'ninetysix', '0', '', ''),
('NINETYTHREE', 'ninetythree', 'ninetythree', 'ninetythree', 'ninetythree', '0', '', ''),
('NINETYTWO', 'ninetytwo', 'ninetytwo', 'ninetytwo', 'ninetytwo', '0', '', ''),
('ONE', 'one', 'one', 'one', 'one', '0', '', 'voted'),
('ONEHUNDREDEIGHT', 'onehundredeight', 'onehundredeight', 'onehundredeight', 'onehundredeight', '0', '', ''),
('ONEHUNDREDEIGHTEEN', 'onehundredeight', 'onehundredeight', 'onehundredeighteen', 'onehundredeighteen', '0', '', ''),
('ONEHUNDREDELEVEN', 'onehundredeleve', 'onehundredeleve', 'onehundredeleven', 'onehundredeleven', '0', '', ''),
('ONEHUNDREDFIFTEEN', 'onehundredfifte', 'onehundredfifte', 'onehundredfifteen', 'onehundredfifteen', '0', '', ''),
('ONEHUNDREDFIFTY', 'onehundredfifty', 'onehundredfifty', 'onehundredfifty', 'onehundredfifty', '1', '', ''),
('ONEHUNDREDFIVE', 'onehundredfive', 'onehundredfive', 'onehundredfive', 'onehundredfive', '0', '', ''),
('ONEHUNDREDFORTY', 'onehundredforty', 'onehundredforty', 'onehundredforty', 'onehundredforty', '1', '', ''),
('ONEHUNDREDFORTYEIGHT', 'onehundredforty', 'onehundredforty', 'onehundredfortyeight', 'onehundredfortyeight', '1', '', ''),
('ONEHUNDREDFORTYFIVE', 'onehundredforty', 'onehundredforty', 'onehundredfortyfive', 'onehundredfortyfive', '1', '', ''),
('ONEHUNDREDFORTYFOUR', 'onehundredforty', 'onehundredforty', 'onehundredfortyfour', 'onehundredfortyfour', '1', '', ''),
('ONEHUNDREDFORTYNINE', 'onehundredforty', 'onehundredforty', 'onehundredfortynine', 'onehundredfortynine', '1', '', ''),
('ONEHUNDREDFORTYONE', 'onehundredforty', 'onehundredforty', 'onehundredfortyone', 'onehundredfortyone', '1', '', ''),
('ONEHUNDREDFORTYSEVEN', 'onehundredforty', 'onehundredforty', 'onehundredfortyseven', 'onehundredfortyseven', '1', '', ''),
('ONEHUNDREDFORTYSIX', 'onehundredforty', 'onehundredforty', 'onehundredfortysix', 'onehundredfortysix', '1', '', ''),
('ONEHUNDREDFORTYTHREE', 'onehundredforty', 'onehundredforty', 'onehundredfortythree', 'onehundredfortythree', '1', '', ''),
('ONEHUNDREDFORTYTWO', 'onehundredforty', 'onehundredforty', 'onehundredfortytwo', 'onehundredfortytwo', '1', '', ''),
('ONEHUNDREDFOUR', 'onehundredfour', 'onehundredfour', 'onehundredfour', 'onehundredfour', '0', '', ''),
('ONEHUNDREDFOURTEEN', 'onehundredfourt', 'onehundredfourt', 'onehundredfourteen', 'onehundredfourteen', '0', '', ''),
('ONEHUNDREDNINE', 'onehundrednine', 'onehundrednine', 'onehundrednine', 'onehundrednine', '0', '', ''),
('ONEHUNDREDNINETEEN', 'onehundredninet', 'onehundredninet', 'onehundrednineteen', 'onehundrednineteen', '0', '', ''),
('ONEHUNDREDONE', 'onehundredone', 'onehundredone', 'onehundredone', 'onehundredone', '0', '', ''),
('ONEHUNDREDSEVEN', 'onehundredseven', 'onehundredseven', 'onehundredseven', 'onehundredseven', '0', '', ''),
('ONEHUNDREDSEVENTEEN', 'onehundredseven', 'onehundredseven', 'onehundredseventeen', 'onehundredseventeen', '0', '', ''),
('ONEHUNDREDSIX', 'onehundredsix', 'onehundredsix', 'onehundredsix', 'onehundredsix', '0', '', ''),
('ONEHUNDREDSIXTEEN', 'onehundredsixte', 'onehundredsixte', 'onehundredsixteen', 'onehundredsixteen', '0', '', ''),
('ONEHUNDREDTEN', 'onehundredten', 'onehundredten', 'onehundredten', 'onehundredten', '0', '', ''),
('ONEHUNDREDTHIRTEEN', 'onehundredthirt', 'onehundredthirt', 'onehundredthirteen', 'onehundredthirteen', '0', '', ''),
('ONEHUNDREDTHIRTY', 'onehundredthirt', 'onehundredthirt', 'onehundredthirty', 'onehundredthirty', '0', '', ''),
('ONEHUNDREDTHIRTYEIGH', 'onehundredthirt', 'onehundredthirt', 'onehundredthirtyeight', 'onehundredthirtyeight', '0', '', ''),
('ONEHUNDREDTHIRTYFIVE', 'onehundredthirt', 'onehundredthirt', 'onehundredthirtyfive', 'onehundredthirtyfive', '0', '', ''),
('ONEHUNDREDTHIRTYFOUR', 'onehundredthirt', 'onehundredthirt', 'onehundredthirtyfour', 'onehundredthirtyfour', '0', '', ''),
('ONEHUNDREDTHIRTYNINE', 'onehundredthirt', 'onehundredthirt', 'onehundredthirtynine', 'onehundredthirtynine', '0', '', ''),
('ONEHUNDREDTHIRTYONE', 'onehundredthirt', 'onehundredthirt', 'onehundredthirtyone', 'onehundredthirtyone', '0', '', ''),
('ONEHUNDREDTHIRTYSEVE', 'onehundredthirt', 'onehundredthirt', 'onehundredthirtyseven', 'onehundredthirtyseven', '0', '', ''),
('ONEHUNDREDTHIRTYSIX', 'onehundredthirt', 'onehundredthirt', 'onehundredthirtysix', 'onehundredthirtysix', '0', '', ''),
('ONEHUNDREDTHIRTYTHRE', 'onehundredthirt', 'onehundredthirt', 'onehundredthirtythree', 'onehundredthirtythree', '0', '', ''),
('ONEHUNDREDTHIRTYTWO', 'onehundredthirt', 'onehundredthirt', 'onehundredthirtytwo', 'onehundredthirtytwo', '0', '', ''),
('ONEHUNDREDTHREE', 'onehundredthree', 'onehundredthree', 'onehundredthree', 'onehundredthree', '0', '', ''),
('ONEHUNDREDTWELVE', 'onehundredtwelv', 'onehundredtwelv', 'onehundredtwelve', 'onehundredtwelve', '0', '', ''),
('ONEHUNDREDTWENTY', 'onehundredtwent', 'onehundredtwent', 'onehundredtwenty', 'onehundredtwenty', '0', '', ''),
('ONEHUNDREDTWENTYEIGH', 'onehundredtwent', 'onehundredtwent', 'onehundredtwentyeight', 'onehundredtwentyeight', '0', '', ''),
('ONEHUNDREDTWENTYFIVE', 'onehundredtwent', 'onehundredtwent', 'onehundredtwentyfive', 'onehundredtwentyfive', '0', '', ''),
('ONEHUNDREDTWENTYFOUR', 'onehundredtwent', 'onehundredtwent', 'onehundredtwentyfour', 'onehundredtwentyfour', '0', '', ''),
('ONEHUNDREDTWENTYNINE', 'onehundredtwent', 'onehundredtwent', 'onehundredtwentynine', 'onehundredtwentynine', '0', '', ''),
('ONEHUNDREDTWENTYONE', 'onehundredtwent', 'onehundredtwent', 'onehundredtwentyone', 'onehundredtwentyone', '0', '', ''),
('ONEHUNDREDTWENTYSEVE', 'onehundredtwent', 'onehundredtwent', 'onehundredtwentyseven', 'onehundredtwentyseven', '0', '', ''),
('ONEHUNDREDTWENTYSIX', 'onehundredtwent', 'onehundredtwent', 'onehundredtwentysix', 'onehundredtwentysix', '0', '', ''),
('ONEHUNDREDTWENTYTHRE', 'onehundredtwent', 'onehundredtwent', 'onehundredtwentythree', 'onehundredtwentythree', '0', '', ''),
('ONEHUNDREDTWENTYTWO', 'onehundredtwent', 'onehundredtwent', 'onehundredtwentytwo', 'onehundredtwentytwo', '0', '', ''),
('ONEHUNDREDTWO', 'onehundredtwo', 'onehundredtwo', 'onehundredtwo', 'onehundredtwo', '0', '', ''),
('ONEHUNDRERD', 'onehundrerd', 'onehundrerd', 'onehundrerd', 'onehundrerd', '0', '', ''),
('SEVEN', 'seven', 'seven', 'seven', 'seven', '0', '', 'voted'),
('SEVENTEEN', 'seventeen', 'seventeen', 'seventeen', 'seventeen', '0', '', 'voted'),
('SEVENTY', 'seventy', 'seventy', 'seventy', 'seventy', '0', '', 'voted'),
('SEVENTYEIGHT', 'seventyeight', 'seventyeight', 'seventyeight', 'seventyeight', '0', '', 'voted'),
('SEVENTYFIVE', 'seventyfive', 'seventyfive', 'seventyfive', 'seventyfive', '0', '', 'voted'),
('SEVENTYFOUR', 'seventyfour', 'seventyfour', 'seventyfour', 'seventyfour', '0', '', 'voted'),
('SEVENTYNINE', 'seventynine', 'seventynine', 'seventynine', 'seventynine', '0', '', 'voted'),
('SEVENTYONE', 'seventyone', 'seventyone', 'seventyone', 'seventyone', '0', '', 'voted'),
('SEVENTYSEVEN', 'seventyseven', 'seventyseven', 'seventyseven', 'seventyseven', '0', '', 'voted'),
('SEVENTYSIX', 'seventysix', 'seventysix', 'seventysix', 'seventysix', '0', '', 'voted'),
('SEVENTYTHREE', 'seventythree', 'seventythree', 'seventythree', 'seventythree', '0', '', ''),
('SEVENTYTWO', 'seventytwo', 'seventytwo', 'seventytwo', 'seventytwo', '0', '', 'voted'),
('SIX', 'six', 'six', 'six', 'six', '0', '', 'voted'),
('SIXTEEN', 'sixteen', 'sixteen', 'sixteen', 'sixteen', '0', '', 'voted'),
('SIXTY', 'sixty', 'sixty', 'sixty', 'sixty', '1', '', 'voted'),
('SIXTYEIGHT', 'sixtyeight', 'sixtyeight', 'sixtyeight', 'sixtyeight', '1', '', 'voted'),
('SIXTYFIVE', 'sixtyfive', 'sixtyfive', 'sixtyfive', 'sixtyfive', '1', '', 'voted'),
('SIXTYFOUR', 'sixtyfour', 'sixtyfour', 'sixtyfour', 'sixtyfour', '1', '', 'voted'),
('SIXTYNINE', 'sixtynine', 'sixtynine', 'sixtynine', 'sixtynine', '1', '', 'voted'),
('SIXTYONE', 'sixtyone', 'sixtyone', 'sixtyone', 'sixtyone', '1', '', 'voted'),
('SIXTYSEVEN', 'sixtyseven', 'sixtyseven', 'sixtyseven', 'sixtyseven', '1', '', ''),
('SIXTYSIX', 'sixtysix', 'sixtysix', 'sixtysix', 'sixtysix', '1', '', 'voted'),
('SIXTYTHREE', 'sixtythree', 'sixtythree', 'sixtythree', 'sixtythree', '1', '', 'voted'),
('SIXTYTWO', 'sixtytwo', 'sixtytwo', 'sixtytwo', 'sixtytwo', '1', '', 'voted'),
('TEN', 'ten', 'ten', 'ten', 'ten', '0', '', 'voted'),
('TEWNTY', 'tewnty', 'tewnty', 'tewnty', 'tewnty', '0', '', ''),
('THIRTEEN', 'thirteen', 'thirteen', 'thirteen', 'thirteen', '0', '', 'voted'),
('THIRTY', 'thirty', 'thirty', 'thirty', 'thirty', '0', '', ''),
('THIRTYEIGHT', 'thirtyeight', 'thirtyeight', 'thirtyeight', 'thirtyeight', '0', '', 'voted'),
('THIRTYFIVE', 'thirtyfive', 'thirtyfive', 'thirtyfive', 'thirtyfive', '0', '', 'voted'),
('THIRTYFOUR', 'thirtyfour', 'thirtyfour', 'thirtyfour', 'thirtyfour', '0', '', 'voted'),
('THIRTYNINE', 'thirtynine', 'thirtynine', 'thirtynine', 'thirtynine', '0', '', 'voted'),
('THIRTYONE', 'thirtyone', 'thirtyone', 'thirtyone', 'thirtyone', '0', '', 'voted'),
('THIRTYSEVEN', 'thirtyseven', 'thirtyseven', 'thirtyseven', 'thirtyseven', '0', '', 'voted'),
('THIRTYSIX', 'thirtysix', 'thirtysix', 'thirtysix', 'thirtysix', '0', '', 'voted'),
('THIRTYTHREE', 'thirtythree', 'thirtythree', 'thirtythree', 'thirtythree', '0', '', 'voted'),
('THIRTYTWO', 'thirtytwo', 'thirtytwo', 'thirtytwo', 'thirtytwo', '0', '', 'voted'),
('THREE', 'three', 'three', 'three', 'three', '0', '', 'voted'),
('TWELVE', 'twelve', 'twelve', 'twelve', 'twelve', '0', '', 'voted'),
('TWENTYEIGHT', 'twentyeight', 'twentyeight', 'twentyeight', 'twentyeight', '0', '', ''),
('TWENTYFIVE', 'twentyfive', 'twentyfive', 'twentyfive', 'twentyfive', '0', '', 'voted'),
('TWENTYFOUR', 'twentyfour', 'twentyfour', 'twentyfour', 'twentyfour', '0', '', 'voted'),
('TWENTYNINE', 'twentynine', 'twentynine', 'twentynine', 'twentynine', '0', '', 'voted'),
('TWENTYONE', 'twentyone', 'twentyone', 'twentyone', 'twentyone', '0', '', 'voted'),
('TWENTYSIX', 'twentysix', 'twentysix', 'twentysix', 'twentysix', '0', '', 'voted'),
('TWENTYTHREE', 'twentythree', 'twentythree', 'twentythree', 'twentythree', '0', '', 'voted'),
('TWENTYTWO', 'twentytwo', 'twentytwo', 'twentytwo', 'twentytwo', '0', '', 'voted'),
('TWO', 'two', 'two', 'two', 'two', '0', '', 'voted');

--
-- Indexes for dumped tables
--

--
-- Indexes for table `admin`
--
ALTER TABLE `admin`
  ADD PRIMARY KEY (`id`);

--
-- Indexes for table `candidates`
--
ALTER TABLE `candidates`
  ADD PRIMARY KEY (`voter_id`);

--
-- Indexes for table `counts`
--
ALTER TABLE `counts`
  ADD PRIMARY KEY (`id`);

--
-- Indexes for table `positions`
--
ALTER TABLE `positions`
  ADD PRIMARY KEY (`id`);

--
-- Indexes for table `users`
--
ALTER TABLE `users`
  ADD PRIMARY KEY (`voter_id`);

--
-- Indexes for table `voters`
--
ALTER TABLE `voters`
  ADD PRIMARY KEY (`voter_id`);

--
-- AUTO_INCREMENT for dumped tables
--

--
-- AUTO_INCREMENT for table `counts`
--
ALTER TABLE `counts`
  MODIFY `id` int(222) NOT NULL AUTO_INCREMENT, AUTO_INCREMENT=1080;

--
-- AUTO_INCREMENT for table `positions`
--
ALTER TABLE `positions`
  MODIFY `id` int(11) NOT NULL AUTO_INCREMENT, AUTO_INCREMENT=19;
COMMIT;

/*!40101 SET CHARACTER_SET_CLIENT=@OLD_CHARACTER_SET_CLIENT */;
/*!40101 SET CHARACTER_SET_RESULTS=@OLD_CHARACTER_SET_RESULTS */;
/*!40101 SET COLLATION_CONNECTION=@OLD_COLLATION_CONNECTION */;
